name,coreName,curricularObjectiveName,levelNames,classroomNames,position
Realiza movimientos de brazos y piernas al sentirse emocionado/a. (3 meses),Corporalidad y Movimiento,"Manifestar su agrado, al sentirse cómodo, seguro y contenido corporalmente.",Sala Cuna Menor,,
Mueve su cuerpo realizando rebotes y sacudiendo sus manos y pies. (6 meses),Corporalidad y Movimiento,"Manifestar su agrado, al sentirse cómodo, seguro y contenido corporalmente.",Sala Cuna Menor,,
Muestra satisfacción al conseguir manipular objetos. (9 meses),Corporalidad y Movimiento,"Manifestar su agrado, al sentirse cómodo, seguro y contenido corporalmente.",Sala Cuna Menor,,
Se acerca a lugares/objetos de interés. (12 meses),Corporalidad y Movimiento,"Manifestar su agrado, al sentirse cómodo, seguro y contenido corporalmente.",Sala Cuna Menor,,
Realiza reiteradamente acciones que provocan goce. (15 meses),Corporalidad y Movimiento,"Manifestar su agrado, al sentirse cómodo, seguro y contenido corporalmente.",Sala Cuna Menor,,
Mueve la cabeza buscando fuente de sonido. (3 meses),Corporalidad y Movimiento,"Descubrir partes de su cuerpo y algunas de sus características físicas, a través de diversas experiencias sensoriomotrices.",Sala Cuna Menor,,
Adopta posición de gateo. (6 meses),Corporalidad y Movimiento,"Descubrir partes de su cuerpo y algunas de sus características físicas, a través de diversas experiencias sensoriomotrices.",Sala Cuna Menor,,
Toma objetos utilizando prensión palmar. (9 meses),Corporalidad y Movimiento,"Descubrir partes de su cuerpo y algunas de sus características físicas, a través de diversas experiencias sensoriomotrices.",Sala Cuna Menor,,
Logra alcanzar objetos en altura al arrodillarse y levantarse con apoyo. (12 meses),Corporalidad y Movimiento,"Descubrir partes de su cuerpo y algunas de sus características físicas, a través de diversas experiencias sensoriomotrices.",Sala Cuna Menor,,
Según indicación del adulto es capaz de tocar partes de su cuerpo. (15 meses),Corporalidad y Movimiento,"Descubrir partes de su cuerpo y algunas de sus características físicas, a través de diversas experiencias sensoriomotrices.",Sala Cuna Menor,,
Da manotazos a los objetos colgantes. (3 meses),Corporalidad y Movimiento,Manifestar interés y satisfacción al moverse libremente en situaciones cotidianas y lúdicas.,Sala Cuna Menor,,
Intenta alcanzar objetivos. (6 meses),Corporalidad y Movimiento,Manifestar interés y satisfacción al moverse libremente en situaciones cotidianas y lúdicas.,Sala Cuna Menor,,
Demuestra intención de explorar su entorno. (9 meses),Corporalidad y Movimiento,Manifestar interés y satisfacción al moverse libremente en situaciones cotidianas y lúdicas.,Sala Cuna Menor,,
Se ríe y celebra cuando logra su objetivo. (12 meses),Corporalidad y Movimiento,Manifestar interés y satisfacción al moverse libremente en situaciones cotidianas y lúdicas.,Sala Cuna Menor,,
Se integra en juegos o utiliza materiales de su interés. (15 meses),Corporalidad y Movimiento,Manifestar interés y satisfacción al moverse libremente en situaciones cotidianas y lúdicas.,Sala Cuna Menor,,
Agarra y sacude objetos involuntariamente. (3 meses),Corporalidad y Movimiento,"Ampliar sus posibilidades de exploración sensoriomotriz, adquiriendo control de la prensión palmar voluntaria (toma objetos, se pasa objetos de una mano a otra, entre otros) y la postura sedente.",Sala Cuna Menor,,
Se sienta y apoya sus manos como trípode. (6 meses),Corporalidad y Movimiento,"Ampliar sus posibilidades de exploración sensoriomotriz, adquiriendo control de la prensión palmar voluntaria (toma objetos, se pasa objetos de una mano a otra, entre otros) y la postura sedente.",Sala Cuna Menor,,
En posición sedente se inclina para alcanzar objetos sin perder la postura. (9 meses),Corporalidad y Movimiento,"Ampliar sus posibilidades de exploración sensoriomotriz, adquiriendo control de la prensión palmar voluntaria (toma objetos, se pasa objetos de una mano a otra, entre otros) y la postura sedente.",Sala Cuna Menor,,
Sitúa objetos en distintos lugares. (12 meses),Corporalidad y Movimiento,"Ampliar sus posibilidades de exploración sensoriomotriz, adquiriendo control de la prensión palmar voluntaria (toma objetos, se pasa objetos de una mano a otra, entre otros) y la postura sedente.",Sala Cuna Menor,,
Lanza o deposita objetos. (15 meses),Corporalidad y Movimiento,"Ampliar sus posibilidades de exploración sensoriomotriz, adquiriendo control de la prensión palmar voluntaria (toma objetos, se pasa objetos de una mano a otra, entre otros) y la postura sedente.",Sala Cuna Menor,,
Acostado en posición prono apoya sus antebrazos y levanta la cabeza. (3 meses),Corporalidad y Movimiento,"Adquirir desplazamiento gradual en sus distintas formas (girar, reptar, ponerse de pie, caminar), para disfrutar la ampliación de sus posibilidades de movimiento, exploración y juego.",Sala Cuna Menor,,
Gira desde posición supino a prono. (6 meses),Corporalidad y Movimiento,"Adquirir desplazamiento gradual en sus distintas formas (girar, reptar, ponerse de pie, caminar), para disfrutar la ampliación de sus posibilidades de movimiento, exploración y juego.",Sala Cuna Menor,,
Es un experto gateador. (9 meses),Corporalidad y Movimiento,"Adquirir desplazamiento gradual en sus distintas formas (girar, reptar, ponerse de pie, caminar), para disfrutar la ampliación de sus posibilidades de movimiento, exploración y juego.",Sala Cuna Menor,,
Se inicia en la marcha. (12 meses),Corporalidad y Movimiento,"Adquirir desplazamiento gradual en sus distintas formas (girar, reptar, ponerse de pie, caminar), para disfrutar la ampliación de sus posibilidades de movimiento, exploración y juego.",Sala Cuna Menor,,
Se inicia en la carrera. (15 meses),Corporalidad y Movimiento,"Adquirir desplazamiento gradual en sus distintas formas (girar, reptar, ponerse de pie, caminar), para disfrutar la ampliación de sus posibilidades de movimiento, exploración y juego.",Sala Cuna Menor,,
Golpea objetos que se encuentran cerca. (3 meses),Corporalidad y Movimiento,"Coordinar movimientos de manipulación ubicando objetos en relación a su propio cuerpo, tales como: acercar objetos pequeños utilizando índice y pulgar en oposición.",Sala Cuna Menor,,
Transfiere objetos de una mano a otra. (6 meses),Corporalidad y Movimiento,"Coordinar movimientos de manipulación ubicando objetos en relación a su propio cuerpo, tales como: acercar objetos pequeños utilizando índice y pulgar en oposición.",Sala Cuna Menor,,
Acerca o aleja objetos. (9 meses),Corporalidad y Movimiento,"Coordinar movimientos de manipulación ubicando objetos en relación a su propio cuerpo, tales como: acercar objetos pequeños utilizando índice y pulgar en oposición.",Sala Cuna Menor,,
Manipula objetos mientras está en movimiento (sin soltarlos). (12 meses),Corporalidad y Movimiento,"Coordinar movimientos de manipulación ubicando objetos en relación a su propio cuerpo, tales como: acercar objetos pequeños utilizando índice y pulgar en oposición.",Sala Cuna Menor,,
Alcanza objetos que se encuentran en distintas alturas. (15 meses),Corporalidad y Movimiento,"Coordinar movimientos de manipulación ubicando objetos en relación a su propio cuerpo, tales como: acercar objetos pequeños utilizando índice y pulgar en oposición.",Sala Cuna Menor,,
Comienza a levantar la cabeza. (3 meses),Corporalidad y Movimiento,"Explorar la alternancia de posturas y movimientos en acciones tales como: trepar, lanzar objetos o hacer ronda, adquiriendo control gradual de su cuerpo al jugar.",Sala Cuna Menor,,
Cambia de posición desde acostado a sentado. (6 meses),Corporalidad y Movimiento,"Explorar la alternancia de posturas y movimientos en acciones tales como: trepar, lanzar objetos o hacer ronda, adquiriendo control gradual de su cuerpo al jugar.",Sala Cuna Menor,,
Pasa de 4 apoyos a posición bípeda con apoyo. (9 meses),Corporalidad y Movimiento,"Explorar la alternancia de posturas y movimientos en acciones tales como: trepar, lanzar objetos o hacer ronda, adquiriendo control gradual de su cuerpo al jugar.",Sala Cuna Menor,,
Trepa objetos voluminosos. (12 meses),Corporalidad y Movimiento,"Explorar la alternancia de posturas y movimientos en acciones tales como: trepar, lanzar objetos o hacer ronda, adquiriendo control gradual de su cuerpo al jugar.",Sala Cuna Menor,,
Realiza intentos de salto. (15 meses),Corporalidad y Movimiento,"Explorar la alternancia de posturas y movimientos en acciones tales como: trepar, lanzar objetos o hacer ronda, adquiriendo control gradual de su cuerpo al jugar.",Sala Cuna Menor,,
Responde indicando si una experiencia le parece agradable. (18 meses),Corporalidad y Movimiento,"Manifestar su agrado, al sentirse cómodo, seguro y contenido corporalmente.",Sala Cuna Mayor,,1
Expresa gestual o verbalmente su emoción. (24 meses),Corporalidad y Movimiento,"Manifestar su agrado, al sentirse cómodo, seguro y contenido corporalmente.",Sala Cuna Mayor,,1
Resuelve qué partes de su cuerpo utilizar según objetivo. (18 meses),Corporalidad y Movimiento,"Descubrir partes de su cuerpo y algunas de sus características físicas, a través de diversas experiencias sensoriomotrices.",Sala Cuna Mayor,,1
Reconoce al menos 1 función que realiza su cuerpo. (24 meses),Corporalidad y Movimiento,"Descubrir partes de su cuerpo y algunas de sus características físicas, a través de diversas experiencias sensoriomotrices.",Sala Cuna Mayor,,1
Reitera movimientos que le provocan satisfacción. (18 meses),Corporalidad y Movimiento,Manifestar interés y satisfacción al moverse libremente en situaciones cotidianas y lúdicas.,Sala Cuna Mayor,,1
Se involucra en diversos juegos. (24 meses),Corporalidad y Movimiento,Manifestar interés y satisfacción al moverse libremente en situaciones cotidianas y lúdicas.,Sala Cuna Mayor,,1
Recepciona un objeto. (18 meses),Corporalidad y Movimiento,"Ampliar sus posibilidades de exploración sensoriomotriz, adquiriendo control de la prensión palmar voluntaria (toma objetos, se pasa objetos de una mano a otra, entre otros) y la postura sedente.",Sala Cuna Mayor,,1
"Realiza juegos basados en deportes (volaibol, basquetbal). (24 meses)",Corporalidad y Movimiento,"Ampliar sus posibilidades de exploración sensoriomotriz, adquiriendo control de la prensión palmar voluntaria (toma objetos, se pasa objetos de una mano a otra, entre otros) y la postura sedente.",Sala Cuna Mayor,,1
Sube y baja escaleras. (18 meses),Corporalidad y Movimiento,"Adquirir desplazamiento gradual en sus distintas formas (girar, reptar, ponerse de pie, caminar), para disfrutar la ampliación de sus posibilidades de movimiento, exploración y juego.",Sala Cuna Mayor,,1
Cambia de direcciones y velocidad al desplazarse. (24 meses),Corporalidad y Movimiento,"Adquirir desplazamiento gradual en sus distintas formas (girar, reptar, ponerse de pie, caminar), para disfrutar la ampliación de sus posibilidades de movimiento, exploración y juego.",Sala Cuna Mayor,,1
Apila o alinea objetos. (18 meses),Corporalidad y Movimiento,"Coordinar movimientos de manipulación ubicando objetos en relación a su propio cuerpo, tales como: acercar objetos pequeños utilizando índice y pulgar en oposición.",Sala Cuna Mayor,,1
Posiciona pelotas cerca o lejos respecto a su cuerpo para chutear con o sin carrera. (24 meses),Corporalidad y Movimiento,"Coordinar movimientos de manipulación ubicando objetos en relación a su propio cuerpo, tales como: acercar objetos pequeños utilizando índice y pulgar en oposición.",Sala Cuna Mayor,,2
Combina acciones motrices. (18 meses),Corporalidad y Movimiento,"Explorar la alternancia de posturas y movimientos en acciones tales como: trepar, lanzar objetos o hacer ronda, adquiriendo control gradual de su cuerpo al jugar.",Sala Cuna Mayor,,1
Es capaz de trepar. (24 meses),Corporalidad y Movimiento,"Explorar la alternancia de posturas y movimientos en acciones tales como: trepar, lanzar objetos o hacer ronda, adquiriendo control gradual de su cuerpo al jugar.",Sala Cuna Mayor,,2
Expresa gestualmente cuando una experiencia le agrada.,Corporalidad y Movimiento,"Reconocer situaciones en que se siente cómodo corporalmente, manifestando al adulto su bienestar y su interés por mantener estas condiciones.","Nivel Medio Menor, Nivel Medio Mayor",,1
Expresa verbalmente cuando una experiencia le agrada.,Corporalidad y Movimiento,"Reconocer situaciones en que se siente cómodo corporalmente, manifestando al adulto su bienestar y su interés por mantener estas condiciones.","Nivel Medio Menor, Nivel Medio Mayor",,2
Reconoce 3 partes de su cuerpo.,Corporalidad y Movimiento,"Reconocer las principales partes, características físicas de su cuerpo y sus funciones en situaciones cotidianas y de juego","Nivel Medio Menor, Nivel Medio Mayor",,1
Reconoce de 3 a 5 partes de su cuerpo indicando su función.,Corporalidad y Movimiento,"Reconocer las principales partes, características físicas de su cuerpo y sus funciones en situaciones cotidianas y de juego","Nivel Medio Menor, Nivel Medio Mayor",,2
Recorre circuitos con distintas dificultades.,Corporalidad y Movimiento,"Experimentar diversas posibilidades de acción con su cuerpo, en situaciones cotidianas y de juego, identificando progresivamente el vocabulario asociado.","Nivel Medio Menor, Nivel Medio Mayor",,1
Menciona las acciones motrices ejecutadas.,Corporalidad y Movimiento,"Experimentar diversas posibilidades de acción con su cuerpo, en situaciones cotidianas y de juego, identificando progresivamente el vocabulario asociado.","Nivel Medio Menor, Nivel Medio Mayor",,3
Identifica los beneficios que le produce realizar el movimiento libre.,Corporalidad y Movimiento,"Reconocer el bienestar que le produce el movimiento libre en situaciones cotidianas y lúdicas, manifestando su interés por desarrollarlo en forma frecuente.","Nivel Medio Menor, Nivel Medio Mayor",,1
Manifiesta en qué situaciones le agrada realizar el movimiento libre.,Corporalidad y Movimiento,"Reconocer el bienestar que le produce el movimiento libre en situaciones cotidianas y lúdicas, manifestando su interés por desarrollarlo en forma frecuente.","Nivel Medio Menor, Nivel Medio Mayor",,2
Inserta argollas en una base.,Corporalidad y Movimiento,"Perfeccionar su coordinación visomotriz fina, a través del uso de diversos objetos, juguetes y utensilios.","Nivel Medio Menor, Nivel Medio Mayor",,1
Utiliza bloques para construir torres o caminos.,Corporalidad y Movimiento,"Perfeccionar su coordinación visomotriz fina, a través del uso de diversos objetos, juguetes y utensilios.","Nivel Medio Menor, Nivel Medio Mayor",,2
Camina sobre diferentes superficies y alturas.,Corporalidad y Movimiento,"Adquirir control y equilibrio en movimientos, posturas y desplazamientos que realiza en diferentes direcciones y en variadas situaciones cotidianas y juegos, con y sin implementos.","Nivel Medio Menor, Nivel Medio Mayor",,1
"Participa de juegos con variaciones de velocidad, entre otras.",Corporalidad y Movimiento,"Adquirir control y equilibrio en movimientos, posturas y desplazamientos que realiza en diferentes direcciones y en variadas situaciones cotidianas y juegos, con y sin implementos.","Nivel Medio Menor, Nivel Medio Mayor",,2
Esquiva obstáculos.,Corporalidad y Movimiento,"Resolver desafíos prácticos en situaciones cotidianas y juegos, incorporando mayor precisión y coordinación en la realización de posturas, movimientos y desplazamientos, tales como: esquivar obstáculos o mantener equilibrio al subir escalas.","Nivel Medio Menor, Nivel Medio Mayor",,1
Varia velocidades al correr.,Corporalidad y Movimiento,"Resolver desafíos prácticos en situaciones cotidianas y juegos, incorporando mayor precisión y coordinación en la realización de posturas, movimientos y desplazamientos, tales como: esquivar obstáculos o mantener equilibrio al subir escalas.","Nivel Medio Menor, Nivel Medio Mayor",,2
Se ubica espacialmente respecto a un espacio.,Corporalidad y Movimiento,"Utilizar categorías de ubicación espacial y temporal, tales como: adelante/atrás, arriba/ abajo, adentro/afuera, antes/ después, rápido/lento, en situaciones cotidianas y lúdicas.","Nivel Medio Menor, Nivel Medio Mayor",,1
Reconoce los momentos de la experiencia.,Corporalidad y Movimiento,"Utilizar categorías de ubicación espacial y temporal, tales como: adelante/atrás, arriba/ abajo, adentro/afuera, antes/ después, rápido/lento, en situaciones cotidianas y lúdicas.","Nivel Medio Menor, Nivel Medio Mayor",,2
"Juega representando emociones, sentimientos y experiencias cotidianas. Ejemplo: juega que va al doctor, simulando que le duele al recibir una inyección, entre otros.",Identidad y Autonomía,"Representar verbal y corporalmente diferentes emociones y sentimientos, en sus juegos.",Nivel Medio Mayor,,1
"Explora su medio con confianza al separarse de sus adultos significativos. Ejemplo: en el patio se aleja de sus tías para llevar a cabo juegos con sus compañeros, llega al jardín infantil y se separa de su familiar sin llantos, entre otros.",Identidad y Autonomía,Manifestar disposición y confianza al separarse de los adultos significativos,Nivel Medio Mayor,,1
"Nombra o señala las emociones que identifica en personas o personajes de cuentos. Ejemplo: dice que su amiga tiene miedo, señala que el gato está feliz, entre otros.",Identidad y Autonomía,"Reconocer en sí mismo, en otras personas y en personajes de cuentos, emociones tales como: tristeza, miedo, alegría, pena y rabia",Nivel Medio Mayor,,1
"Nombra o demuestra en su actuar formas para regular sus emociones en distintas situaciones. Ejemplo: si tiene pena busca un abrazo, si tiene rabia busca algo que lo calme, entre otros.",Identidad y Autonomía,"Manifestar disposición para regular sus emociones y sentimientos, en función de las necesidades propias, de los demás y de algunos acuerdos para el funcionamiento grupal.",Nivel Medio Mayor,,1
"Dice, toma, comenta o señala lo que quiere hacer y lo que le interesa. Ejemplo: dice a qué quiere jugar, escoge los materiales que quiere utilizar, habla de un tema que le interesa, entre otros.",Identidad y Autonomía,"Manifestar sus preferencias cuando participa o cuando solicita participar, en diversas situaciones cotidianas y juegos.",Nivel Medio Mayor,,1
Se evidencia en su actuar que ha ido ampliando su independencia.,Identidad y Autonomía,"Actuar con progresiva independencia, ampliando su repertorio de acciones, acorde a sus necesidades e intereses.",Nivel Medio Mayor,,1
"Nombra características corporales y rasgos de su identidad. Ejemplo: dice que tiene el pelo corto y que tiene tres años, comenta a partir de una fotografía que un niño tiene el pelo largo como él, entre otras.",Identidad y Autonomía,"Comunicar algunos rasgos de su identidad, como su nombre, sus características corporales, género y otros.",Nivel Medio Mayor,,1
"Usa expresiones positivas acerca de sus características personales, sus logros y sus habilidades. Ejemplo: dice soy muy bueno para saltar , hice una torre muy grande , me gusta ser niña , entre otros.",Identidad y Autonomía,"Apreciar sus características identitarias, fortalezas y habilidades.",Nivel Medio Mayor,,1
"Realiza sus prácticas de vestimenta, alimentación e higiene bucal y corporal. Ejemplo: se lava las manos, se peina, se coloca y saca prendas sencillas como una polera o los zapatos, come gran parte de su comida solo, entre otros.",Identidad y Autonomía,"Manifestar progresiva independencia en sus prácticas de alimentación, vigilia y sueño, vestimenta, higiene corporal, bucal y evacuación.",Nivel Medio Mayor,,1
Comunica verbal o gestualmente la necesidad de evacuación anal o esical y realiza esta práctica de manera autónoma. Ejemplo: avisa con tiempo para dirigirse al baño sin orinarse en el camino y el adulto solo lo acompaña.,Identidad y Autonomía,"Manifestar progresiva independencia en sus prácticas de alimentación, vigilia y sueño, vestimenta, higiene corporal, bucal y evacuación.",Nivel Medio Mayor,,2
Manifiesta satisfacción al realizar algunos desafíos,Identidad y Autonomía,"Manifestar satisfacción y confianza por su autovalía, comunicando algunos desafíos alcanzados, tales como: saltar, hacer torres, sacar cáscara de huevos, entre otros.",Nivel Medio Mayor,,1
"Nombra o señala alimentos que se consumen en celebraciones de su comunidad. Ejemplo: las empanadas en el 18 de septiembre, el pan de pascua en la navidad, catuto en el We Tripantu, entre otros.",Identidad y Autonomía,Identificar alimentos que se consumen en algunas celebraciones propias de su familia y comunidad.,Nivel Medio Mayor,,1
Realiza juegos de roles,Identidad y Autonomía,"Representar sus pensamientos y experiencias, atribuyendo significados a objetos o elementos de su entorno, usando la imaginación en situaciones de juego.",Nivel Medio Mayor,,1
"Juega con otros niños de manera colaborativa para alcanzar un objetivo común. Ejemplo: realizan un collage o maqueta, entre otros.",Convivencia y Ciudadanía,"Participar en actividades y juegos grupales con sus pares, conversando, intercambiando pertenencias, cooperando.",Nivel Medio Mayor,,1
"Conversa, juega o se acerca a distintas personas de su comunidad educativa. Ejemplo: se acerca a otras tías, juega con niños de otras salas, observa a los papás que llegan al jardín, entre otros.",Convivencia y Ciudadanía,Disfrutar de instancias de interacción social con diversas personas de la comunidad.,Nivel Medio Mayor,,1
"Ayuda a sus compañeros a responder a necesidades que puedan tener en distintas situaciones cotidianas y juegos. Ejemplo: le entrega los lápices a una niña que quiere pintar, ayuda a un niño que se ha caído, comparte un trozo de manzana cuando su compañero también tiene hambre, entre otros.",Convivencia y Ciudadanía,"Colaborar en situaciones cotidianas y de juego, proponiendo acciones simples frente a necesidades que presentan sus pares",Nivel Medio Mayor,,1
"Participa en la preparación o desarrollo de distintas celebraciones de su comunidad educativa. Ejemplo: baila en una presentación, colabora en el armado de guirnaldas, ayuda a pintar parte del escenario, entre otras.",Convivencia y Ciudadanía,"Colaborar en actividades, conmemoraciones o celebraciones culturales de su familia y comunidad.",Nivel Medio Mayor,,1
"Nombra o señala formas pacíficas para abordar conflictos que se dan en situaciones cotidianas. Ejemplo: ante dos niñas que quieren un mismo autito, dice que pueden turnarse, que pueden jugar juntas, que pueden sortearlo, entre otros.",Convivencia y Ciudadanía,"Iniciarse en la resolución pacífica de conflictos, dialogando respecto de la situación, escuchando, opinando y proponiendo acciones para resolver",Nivel Medio Mayor,,1
"Acepta respetar los acuerdos de convivencia que enmarcan el desarrollo de las actividades. Ejemplo: dice que va a respetar su turno, intenta no empujar, tiene disposición para escuchar a sus compañeros, entre otros.",Convivencia y Ciudadanía,Manifestar disposición para practicar acuerdos de convivencia básica que regulan situaciones cotidianas y juegos.,Nivel Medio Mayor,,1
"Nombre o señala objetos y situaciones que pueden afectar la seguridad y bienestar de sus compañeros. Por ejemplo: jugar a las peleas, tirar tierra al aire, entre otras.",Convivencia y Ciudadanía,"Identificar objetos, comportamientos y situaciones de riesgo que pueden atentar contra su seguridad, bienestar y el de los demás.",Nivel Medio Mayor,,1
"Nombra o señala acciones correctas e incorrectas para la convivencia del grupo. Ejemplo: dice “no es bueno pegarle a un compañero , entre otras.",Convivencia y Ciudadanía,"Reconocer acciones correctas e incorrectas para la convivencia armónica del grupo, que se presentan en diferentes situaciones cotidianas y juegos",Nivel Medio Mayor,,1
"Realiza preguntas o solicita que se respeten algunos de los derechos de los niños. Ejemplo: le dice a un compañero que no le grite, pregunta por el nombre de un personaje de cuentos, entre otros.",Convivencia y Ciudadanía,"Manifestar interés por algunos de sus derechos, tales como: ser escuchados, tener un nombre, jugar, entre otros.",Nivel Medio Mayor,,9
"Juega con todos los niños y niñas, sin excluirlos en razón de su apariencia, origen étnico, género, etc.",Convivencia y Ciudadanía,"Manifestar interés para interactuar con niños y niñas, reconociendo la diversidad de sus características y formas de vida (costumbres, fisonomía, lingüística, entre otras).",Nivel Medio Mayor,,10
"Comunica verbal o gestualmente cuando le agrada o desagrada algo corporalmente, intentado mantener o retomar el bienestar corporal. Ejemplo: dice que se cansó de estar en cuclillas y se para a estirarse, busca un cojín porque dice que no le gusta sentarse en el piso frío, entre otras.",Corporalidad y movimiento,"Reconocer situaciones en que se siente cómodo corporalmente, manifestando al adulto su bienestar y su interés por mantener estas condiciones",Nivel Medio Menor,,1
"Dice algunas características y funciones de las partes de su cuerpo. Ejemplo: reconoce que la lengua sirve para saborear, dice de qué color son sus ojos, cuenta que con los brazos puede abrazar muy fuerte, entre otros.",Corporalidad y movimiento,"Reconocer las principales partes, características físicas de su cuerpo y sus funciones en situaciones cotidianas y de juego.",Nivel Medio Menor,,1
"Juega realizando diversas acciones con su cuerpo y nombra dichas acciones. Ejemplo: dice que mueve la cabeza hacia adelante y atrás para bailar una canción, dice que al escuchar stop debe quedarse quieto, entre otras.",Corporalidad y movimiento,"Experimentar diversas posibilidades de acción con su cuerpo, en situaciones cotidianas y de juego, identificando progresivamente el vocabulario asociado.",Nivel Medio Menor,,1
Nombra o señala las sensaciones que le generan moverse y jugar libremente.,Corporalidad y movimiento,"Reconocer el bienestar que le produce el movimiento libre en situaciones cotidianas y lúdicas, manifestando su interés por desarrollarlo en forma frecuente.",Nivel Medio Menor,,1
"Usa coordinadamente ambas manos en distintas actividades de manipulación cotidianas. Ejemplo: abotonar y desabotonar, enhebrar cuentas, trasvasijar de un vaso a otro, entre otras.",Corporalidad y movimiento,"Perfeccionar su coordinación visomotriz fina, a través del uso de diversos objetos, juguetes y utensilios.",Nivel Medio Menor,,1
"Corre y salta variando la dirección, velocidad y uso de implementos.",Corporalidad y movimiento,"Adquirir control y equilibrio en movimientos, posturas y desplazamientos que realiza en diferentes direcciones y en variadas situaciones cotidianas y juegos, con y sin implementos",Nivel Medio Menor,,1
Incorpora mayor presición y coordinación en los movimientos y desplazamientos.,Corporalidad y movimiento,"Resolver desafíos prácticos en situaciones cotidianas y juegos, incorporando mayor precisión y coordinación en la realización de posturas, movimientos y desplazamientos, tales como: esquivar obstáculos o mantener equilibrio al subir escalas.",Nivel Medio Menor,,1
Resuelve desafíos en situaciones cotinidanas y juegos: esquiva obstáculos.,Corporalidad y movimiento,"Resolver desafíos prácticos en situaciones cotidianas y juegos, incorporando mayor precisión y coordinación en la realización de posturas, movimientos y desplazamientos, tales como: esquivar obstáculos o mantener equilibrio al subir escalas.",Nivel Medio Menor,,2
Sigue indicaciones de orientación espacial: arriba/abajo.,Corporalidad y movimiento,"Utilizar categorías de ubicación espacial y temporal, tales como: adelante/atrás, arriba/ abajo, adentro/afuera, antes/ después, rápido/lento, en situaciones cotidianas y lúdicas.",Nivel Medio Menor,,1
Se ubica siguiendo indicaciones de orientación espacial: adentro/afuera,Corporalidad y movimiento,"Utilizar categorías de ubicación espacial y temporal, tales como: adelante/atrás, arriba/ abajo, adentro/afuera, antes/ después, rápido/lento, en situaciones cotidianas y lúdicas.",Nivel Medio Menor,,2
"Relata una historia, cuento o experiencia personal de un modo comprensible utilizando patrones gramaticales básicos (oraciones con sujeto y predicado, verbos conjugados, entre otros), aun cuando haya errores.",Lenguaje Verbal,"Expresarse oralmente, empleando estructuras oracionales simples y respetando patrones gramaticales básicos, en distintas situaciones cotidianas y juegos.",Nivel Medio Mayor,,1
"Responde a instrucciones sencillas y preguntas relativas a acciones, tiempo y lugar. Ejemplo: transmite un recado, responde a la pregunta ¿qué hicimos antes de almorzar? , entre otros.",Lenguaje Verbal,"Comprender mensajes simples como instrucciones explícitas, explicaciones y preguntas relativas a objetos, personas, acciones, tiempo y lugar, identificando la intencionalidad comunicativa de diversos interlocutores.",Nivel Medio Mayor,,1
"Nombra o señala algunas características (fuerte, suave, rápido, lento) de distintos sonidos. Ejemplo: señala una canción que es rápida, entre otros.",Lenguaje Verbal,"Identificar algunos atributos de los sonidos de diferentes fuentes sonoras como intensidad (fuerte/suave), velocidad (rápido/lento).",Nivel Medio Mayor,,1
"Usa palabras nuevas (sustantivos, verbos, adjetivos, artículos y pronombres) al contar temas de su interés. Ejemplo: los dinosaurios eran muy grandes y comían mucho, entre otros.",Lenguaje Verbal,"Incorporar progresivamente nuevas palabras, al comunicar oralmente temas variados de su interés e información básica, en distintas situaciones cotidianas.",Nivel Medio Mayor,,1
"Escucha con atención distintos tipos de textos de su preferencia. Ejemplo: se mantiene atento, sonríe, realiza preguntas sobre personajes del cuento, entre otras.",Lenguaje Verbal,"Manifestar interés por descubrir el contenido de textos de diferentes formatos, a través de la manipulación, la exploración, la escucha atenta y la formulación de preguntas",Nivel Medio Mayor,,1
Cuenta con sus propias palabras algunas acciones de un cuento conocido.,Lenguaje Verbal,"Comprender a partir de la escucha atenta, contenidos explícitos de textos literarios y no literarios, reconociendo ideas centrales, señalando preferencias, realizando sencillas descripciones, preguntando sobre el contenido.",Nivel Medio Mayor,,1
"Dice el significado de imágenes, logos y símbolos de su entorno cotidiano. Ejemplo: ante la señal Pare, dice que no hay que seguir caminando o andando en auto, entre otros.",Lenguaje Verbal,"Reconocer progresivamente el significado de diversas imágenes, logos, símbolos de su entorno cotidiano, en diversos soportes (incluye uso de TICs).",Nivel Medio Mayor,,1
"Juega a escribir, realizando diversos trazos a los que les atribuye un significado, intentando seguir las formas de las letras. Ejemplo: intenta escribir su nombre o la palabra mamá, entre otras.",Lenguaje Verbal,Producir sus propios signos gráficos en situaciones lúdicas.,Nivel Medio Mayor,,1
"Nombra, pregunta o comenta sobre características (materiales, ritmos, colores, tamaño, entre otros) que le llaman la atención de algunas producciones artísticas (pinturas, arquitectura, escultura, danza, música, entre otras).",Lenguaje Artístico,"Manifestar interés por diversas producciones artísticas (arquitectura, modelado, piezas musicales, pintura, dibujos, títeres, obras de teatro, danzas, entre otras), describiendo algunas características",Nivel Medio Mayor,,1
"Dice qué recursos expresivos le gustan de diversas expresiones artísticas junto con las emociones y sensaciones que le provocan. Ejemplo: le gusta la foto porque salen niños jugando, dice que la pintura tiene muchos colores y que es muy alegre, entre otros.",Lenguaje Artístico,"Expresar sus preferencias, sensaciones y emociones relacionadas con diferentes recursos expresivos que se encuentran en sencillas obras visuales (colorido, formas), musicales (fuente, intensidad del sonido) o escénicas (desplazamiento, vestimenta, carácter expresivo).",Nivel Medio Mayor,,1
"Canta y baila canciones o juegos musicales, usando algún recurso (instrumentos, objetos, el cuerpo) para seguir el ritmo y la melodía.",Lenguaje Artístico,"Interpretar canciones y juegos musicales, experimentando con diversos recursos tales como, la voz, el cuerpo, instrumentos musicales y objetos.",Nivel Medio Mayor,,3
Expresa corporalmente sus emociones y sensaciones con juegos teatrales.,Lenguaje Artístico,"Expresar corporalmente sensaciones y emociones experimentando con mímica, juegos teatrales, rondas, bailes y danzas.",Nivel Medio Mayor,,1
"Expresa corporalmente sus emociones y sensaciones, rondas, bailes, danza",Lenguaje Artístico,"Expresar corporalmente sensaciones y emociones experimentando con mímica, juegos teatrales, rondas, bailes y danzas.",Nivel Medio Mayor,,2
"Usa materiales y recursos plásticos y visuales (pintura, masa, plastilina, tiza, entre otros) para crear figuras en relieve o con volumen, expresando emociones, ideas y experiencias.",Lenguaje Artístico,"Expresar emociones, ideas y experiencias por medio de la plástica experimentando con recursos pictóricos, gráficos y de modelado",Nivel Medio Mayor,,1
"Utiliza diversos lenguajes artísticos en una producción (visuales, musicales, escénicos, entre otros).",Lenguaje Artístico,"Experimentar diversas posibilidades de expresión, combinando lenguajes artísticos en sus producciones.",Nivel Medio Mayor,,1
Dibuja esbozos de figuras humanas o animales representando algunas partes del cuerpo de éstos.,Lenguaje Artístico,"Representar a través del dibujo, diversos elementos de su entorno, incorporando figuras cerradas, trazos intencionados y primeros esbozos de la figura humana.",Nivel Medio Mayor,,1
"Realiza preguntas, solicita información o elige materiales educativos vinculados a la interacción entre diversos elementos de la naturaleza. Ejemplo: plantas y luz, lluvia y arcoíris, abejas y flores, entre otros.",Exploración del Entorno Natural,"Manifestar interés y asombro por diversos elementos, situaciones y fenómenos del entorno natural, explorando, observando, preguntando, describiendo, agrupando, entre otros",Nivel Medio Menor,,1
"Dice características de elementos (cuerpos celestes, cerros, ríos, entre otros), paisajes (desierto, bosque, estepa, entre otros) y fenómenos de la naturaleza (marejadas, tormentas, entre otros) presentes en su entorno.",Exploración del Entorno Natural,"Comunicar verbalmente características de elementos y paisajes de su entorno natural, tales como cuerpos celestes, cerros, desierto, flora; y de fenómenos como marejadas, sismos, tormentas, sequías.",Nivel Medio Menor,,1
"Nombra o señala que el sol es fuente de luz y calor. Ejemplo: dice que el sol ayuda a que crezcan las plantas, dice que el sol derrite los hielos, entre otros.",Exploración del Entorno Natural,"Descubrir que el sol es fuente de luz y calor para el planeta, a través de experiencias directas o TICs",Nivel Medio Menor,,1
"Nombra o señala las propiedades de textura, temperatura y otras propiedades de algunos elementos de la naturaleza.",Exploración del Entorno Natural,"Comunicar algunas propiedades básicas de los elementos naturales que explora, tales como: colores, texturas, tamaños, temperaturas entre otras.",Nivel Medio Menor,,4
"Nombra o señala características físicas (tamaño, color, textura y morfología), necesidades y hábitat de distintos animales.",Exploración del Entorno Natural,"Distinguir una variedad progresivamente más amplia de animales y plantas, respecto a sus características (tamaño, color, textura y morfología), sus necesidades básicas y los lugares que habitan, al observarlos en forma directa, en libros ilustrados o en TICs",Nivel Medio Menor,,1
"Nombra o señala acciones sencillas para desarrollar ambientes sostenibles. Ejemplo: no dejar el agua corriendo, apagar la luz cuando no se ocupe, plantar árboles, entre otros.",Exploración del Entorno Natural,"Colaborar en situaciones cotidianas, en acciones que contribuyen al desarrollo de ambientes sostenibles, tales como cerrar las llaves de agua, apagar aparatos eléctricos, entre otras",Nivel Medio Menor,,1
"Usa distintos objetos para explorar y recolectar. Ejemplo: recipientes para coleccionar hojas, lupas para mirar insectos o piedras, entre otros.",Exploración del Entorno Natural,"Emplear instrumentos y herramientas de observación y recolección (lupas, frascos, recipientes, botellas, cucharas, embudos, pinzas, entre otros) en la exploración del entorno natural.",Nivel Medio Menor,,1
"Realiza experimentos simples con materiales cotidianos, describiendo los cambios que observa. Ejemplo: mezcla agua con aceite comentando lo que ve, entre otros.",Exploración del Entorno Natural,"Experimentar mezclas y disoluciones con materiales cotidianos tales como: burbujas de jabón, agua salada, gelatina, describiendo los cambios observados",Nivel Medio Menor,,1
"Nombra o señala que el aire y el agua son elementos necesarios para la vida en el planeta, y sus posibles contaminantes.",Exploración del Entorno Natural,"Reconocer que el aire y el agua son elementos vitales para las personas, los animales y las plantas, y que estos elementos pueden encontrarse con o sin contaminación.",Nivel Medio Menor,,1
"Relata actividades cotidianas que ha realizado con su familia y comunidad. Ejemplo: visita un parque el domingo, va a la feria los sábados en la mañana, entre otros.",Comprensión del Entorno Sociocultural,"Describir actividades habituales de su comunidad, como ir de compras, jugar en la plaza, viajar en bus, entre otras, señalando su participación en ellas",Nivel Medio Mayor,,1
"Describe características de su comunidad a través de canciones, juegos, fotos, entre otros. Ejemplo: cuenta que en su barrio hay un club de fútbol y pone su canción para que sus compañeros la escuchen, entre otros.",Comprensión del Entorno Sociocultural,"Describir características de las formas de vida de su comunidad (viviendas, paisajes, costumbres), a través de canciones, juegos, relatos y fotos familiares, entre otras.",Nivel Medio Mayor,,1
"Utiliza objetos tecnológicos de acuerdo a su uso convencional. Ejemplo: utiliza un exprimidor para hacer jugo, prende la luz cuando entra a un lugar oscuro, entre otros.",Comprensión del Entorno Sociocultural,Seleccionar utensilios domésticos y objetos tecnológicos que les permiten resolver problemas en contextos sociales auténticos.,Nivel Medio Mayor,,1
"Relata eventos importantes de su historia familiar o personal. Ejemplo: en el cumpleaños de mi mamá llegaron los abuelos y cantamos cumpleaños feliz, entre otros.",Comprensión del Entorno Sociocultural,"Reconocer sucesos significativos de su historia personal y familiar, en diversas situaciones, tales como: conversaciones familiares, relatos de un agente comunitario, visitas a lugares, observación de fotografías, entre otros.",Nivel Medio Mayor,,1
"Describe las actividades centrales de algunos lugares y/o instituciones de su entorno. Ejemplo: en el hospital se atienden a los heridos o enfermos, en la escuela se va a aprender y a jugar.",Comprensión del Entorno Sociocultural,"Identificar instituciones significativas de su entorno, describiendo actividades rutinas representativas que en ellas se realizan.",Nivel Medio Mayor,,1
"Nombra o señala normas de protección y seguridad referidas a emergencias. Ejemplo: muestra las señales de evacuación frente a tsunami, dice que hay que alejarse de las ventanas en caso de temblor, entre otras.",Comprensión del Entorno Sociocultural,"Identificar algunas normas de protección y seguridad de su entorno cotidiano referidas a alimentación, tránsito y sismos, y otras pertinentes a su contexto geográfico.",Nivel Medio Mayor,,1
"Diferencia entre elementos naturales y culturales presenten en su entorno. Ejemplo: en una plaza hay árboles (naturales) y estatuas o monumentos (culturales), entre otros.",Comprensión del Entorno Sociocultural,"Distinguir en paisajes de su localidad, elementos naturales (bosque, cerros, ríos), y culturales (caminos, edificios, puentes).",Nivel Medio Mayor,,1
"Repite patrones (corporales, auditivos, visuales, de capacidad, entre otros) de tres elementos. Ejemplo: dado el patrón un botón rojo, uno azul y uno verde , el niño lo continua.",Pensamiento Matemático,"Reproducir patrones sonoros, visuales, gestuales, corporales u otros, de dos o tres elementos.",Nivel Medio Mayor,,1
"Agrupa elementos considerando dos atributos a la vez. Ejemplo: en una agrupación por forma y color, guarda los bloques amarillos y cuadrados en una caja, los bloques amarillos y redondos en otra, los azules y cuadrados en otra y los azules y redondos en otra.",Pensamiento Matemático,"Experimentar con diversos objetos, estableciendo relaciones al clasificar por dos atributos a la vez (forma, color, entre otros) y seriar por altura o longitud",Nivel Medio Mayor,,1
"Ordena secuencias de al menos tres objetos que varían en su tamaño. Ejemplo: ordena tres pelotas, de la más pequeña a la más grande.",Pensamiento Matemático,"Experimentar con diversos objetos, estableciendo relaciones al clasificar por dos atributos a la vez (forma, color, entre otros) y seriar por altura o longitud",Nivel Medio Mayor,,2
"Utiliza conceptos espaciales de ubicación y distancia para describir la posición de personas y objetos en relación a puntos concretos de referencia. Por ejemplo: el auto está cerca de la casa, el lápiz se cayó debajo de la mesa, entre otros.",Pensamiento Matemático,"Describir la posición de objetos y personas, respecto de un punto u objeto de referencia, empleando conceptos de ubicación y distancia tales como: dentro/fuera; encima/debajo; cerca /lejos.",Nivel Medio Mayor,,1
"Ordena secuencialmente sucesos de al menos tres escenas cotidianas. Ejemplo: me baño, después me visto y luego tomo leche; en la mañana pinté, ahora almuerzo y después leeré, entre otros.",Pensamiento Matemático,"Orientarse temporalmente en situaciones cotidianas, mediante la utilización progresiva de algunas nociones y relaciones de secuencias, tales como: antes/después, día/noche, hoy/mañana.",Nivel Medio Mayor,,1
"Utiliza cuantificadores simples (muchos/pocos, todo/ninguno, más/menos, entre otros) para comparar cantidades de objetos. Ejemplo: acá hay muchos lápices y acá hay pocos, entre otros.",Pensamiento Matemático,"Emplear cuantificadores, tales como: más/menos, mucho/poco, todo/ninguno, al comparar cantidades de objetos en situaciones cotidianas.",Nivel Medio Mayor,,1
"Usa los números para cuantificar colecciones y contar hasta el diez en situaciones de la vida diaria. Ejemplo: cuenta los pasos que da y dice cuántos dio, cuenta los lápices que tiene y dice cuántos tiene en total, entre otros.",Pensamiento Matemático,"Emplear progresivamente los números, para contar, identificar, cuantificar y comparar cantidades, hasta el 10 e indicar orden o posición de algunos elementos en situaciones cotidianas o juegos.",Nivel Medio Mayor,,1
Representa concreta y pictóricamente (con dibujos o símbolos) números y cantidades al menos hasta el diez.,Pensamiento Matemático,"Representar progresivamente, números y cantidades en forma concreta y pictórica hasta el 10.",Nivel Medio Mayor,,1
"Resuelve problemas simples agregando o quitando hasta cinco elementos. Ejemplo: dibuja los helados que le faltan para completar cinco, cuenta cuantos botones le faltan para tener cinco, entre otros.",Pensamiento Matemático,"Resolver progresivamente problemas simples, de manera concreta y pictórica, agregando o quitando hasta 5 elementos.",Nivel Medio Mayor,,1
"Nombra o señala atributos de distintas figuras 3d (cuerpos geométricos). Ejemplo: indica las caras del cilindro, dice que los cilindros tienen una base para pararse, entre otros.",Pensamiento Matemático,"Descubrir atributos de figuras 3D, mediante la exploración de objetos presentes en su entorno.",Nivel Medio Mayor,,1
"Anticipa algunas acciones que le ayudarían a resolver un problema. Ejemplo: para correr las cortinas, imagina distintas formas de hacerlo, entre otros.",Pensamiento Matemático,Identificar algunas acciones que se llevaron a cabo para resolver problemas.,Nivel Medio Mayor,,1
"Juega representando emociones, sentimientos y experiencias cotidianas. Ejemplo: juega que va al doctor, simulando que le duele al recibir una inyección, entre otros.",Identidad y Autonomía,"Representar verbal y corporalmente diferentes emociones y sentimientos, en sus juegos.",Nivel Medio Menor,,1
"Explora su medio con confianza al separarse de sus adultos significativos. Ejemplo: en el patio se aleja de sus tías para llevar a cabo juegos con sus compañeros, llega al jardín infantil y se separa de su familia sin llantos, entre otros.",Identidad y Autonomía,Manifestar disposición y confianza al separarse de los adultos significativos,Nivel Medio Menor,,1
"Nombra o señala emociones que ha sentido en distintas experiencias cotidianas. Ejemplo: dice tengo pena , cruza los brazos para indicar que está enojado, cuando le resulta algo dice que se pone contento, entre otros.",Identidad y Autonomía,"Reconocer en sí mismo, en otras personas y en personajes de cuentos, emociones tales como: tristeza, miedo, alegría, pena y rabia",Nivel Medio Menor,,1
"Nombra o demuestra en su actuar formas para regular sus emociones en distintas situaciones. Ejemplo: si tiene pena busca un abrazo, si tiene rabia busca algo que lo calme, entre otros.",Identidad y Autonomía,"Manifestar disposición para regular sus emociones y sentimientos, en función de las necesidades propias, de los demás y de algunos acuerdos para el funcionamiento grupal.",Nivel Medio Menor,,1
"Elige entre alternativas que se le presentan. Ejemplo: elige entre un camión y un auto para jugar, señala el libro que quiere leer, entre otros.",Identidad y Autonomía,"Manifestar sus preferencias cuando participa o cuando solicita participar, en diversas situaciones cotidianas y juegos.",Nivel Medio Menor,,1
Se evidencia en su actuar que ha ido ampliando su independencia.,Identidad y Autonomía,"Actuar con progresiva independencia, ampliando su repertorio de acciones, acorde a sus necesidades e intereses.",Nivel Medio Menor,,1
Dice su nombre y el género que le representa.,Identidad y Autonomía,"Comunicar algunos rasgos de su identidad, como su nombre, sus características corporales, género y otros.",Nivel Medio Menor,,1
"Usa expresiones positivas acerca de sus características personales y sus logros. Ejemplo: dice soy lindo , me gusta mi pelo , me comí todo , ¡pude saltar la caja! , entre otros.",Identidad y Autonomía,"Apreciar sus características identitarias, fortalezas y habilidades.",Nivel Medio Menor,,1
"Colabora en realizar prácticas de higiene bucal y corporal, vestimenta y alimentación. Ejemplo: levanta las manos para que le pongan un suéter, come algunos alimentos del plato solo, intenta lavarse los dientes con la ayuda de un adulto, entre otros.",Identidad y Autonomía,"Manifestar progresiva independencia en sus prácticas de alimentación, vigilia y sueño, vestimenta, higiene corporal, bucal y evacuación.",Nivel Medio Menor,,1
"Comunica verbal o gestualmente su necesidad de orinar o defecar, antes o después de ello.",Identidad y Autonomía,"Manifestar progresiva independencia en sus prácticas de alimentación, vigilia y sueño, vestimenta, higiene corporal, bucal y evacuación.",Nivel Medio Menor,,2
Manifiesta satisfacción al realizar algunos desafíos,Identidad y Autonomía,"Manifestar satisfacción y confianza por su autovalía, comunicando algunos desafíos alcanzados, tales como: saltar, hacer torres, sacar cáscara de huevos, entre otros.",Nivel Medio Menor,,1
"Nombra o señala alimentos que se consumen en celebraciones de su amilia. Ejemplo: asados, calzones rotos, completos, sopaipillas, entre otros.",Identidad y Autonomía,Identificar alimentos que se consumen en algunas celebraciones propias de su familia y comunidad.,Nivel Medio Menor,,11
Realiza juegos de roles,Identidad y Autonomía,"Representar sus pensamientos y experiencias, atribuyendo significados a objetos o elementos de su entorno, usando la imaginación en situaciones de juego.",Nivel Medio Menor,,1
"Interactúa en actividades grupales con sus compañeros, intercambiando materiales y conversando. Ejemplo: pregunta, muestra algo, presta sus juguetes, entre otros.",Convivencia y Ciudadanía,"Participar en actividades y juegos grupales con sus pares, conversando, intercambiando pertenencias, cooperando.",Nivel Medio Menor,,1
"Conversa, juega o se acerca a distintas personas de su comunidad educativa. Ejemplo: se acerca a otras tías, juega con niños de otras salas, observa a los papás que llegan al jardín, entre otros.",Convivencia y Ciudadanía,Disfrutar de instancias de interacción social con diversas personas de la comunidad.,Nivel Medio Menor,,1
"Ayuda a sus compañeros a responder a necesidades que puedan tener en distintas situaciones cotidianas y juegos. Ejemplo: le entrega los lápices a una niña que quiere pintar, ayuda a un niño que se ha caído, comparte un trozo de manzana cuando su compañero también tiene hambre, entre otros.",Convivencia y Ciudadanía,"Colaborar en situaciones cotidianas y de juego, proponiendo acciones simples frente a necesidades que presentan sus pares",Nivel Medio Menor,,1
"Participa en la preparación o desarrollo de distintas celebraciones al interior de su grupo y/o familia. Ejemplo: prepara un dibujo para un compañero de cumpleaños, canta una canción para recibir a una nueva tía, entre otros.",Convivencia y Ciudadanía,"Colaborar en actividades, conmemoraciones o celebraciones culturales de su familia y comunidad.",Nivel Medio Menor,,1
"Nombra o señala formas pacíficas para abordar conflictos que se dan en situaciones cotidianas. Ejemplo: ante dos niñas que quieren un mismo autito, dice que pueden turnarse, que pueden jugar juntas, que pueden sortearlo, entre otros.",Convivencia y Ciudadanía,"Iniciarse en la resolución pacífica de conflictos, dialogando respecto de la situación, escuchando, opinando y proponiendo acciones para resolver",Nivel Medio Menor,,1
"Nombra o señala acuerdos de convivencia que se deben respetar antes de comenzar una actividad. Ejemplo: dice escuchar a la tía , indica que no debe tirar los juguetes, entre otros.",Convivencia y Ciudadanía,Manifestar disposición para practicar acuerdos de convivencia básica que regulan situaciones cotidianas y juegos.,Nivel Medio Menor,,1
"Nombre o señala objetos y situaciones que pueden ser riesgosas para su seguridad. Por ejemplo: utilizar tijeras inadecuadamente, correr en el baño, entre otras.",Convivencia y Ciudadanía,"Identificar objetos, comportamientos y situaciones de riesgo que pueden atentar contra su seguridad, bienestar y el de los demás.",Nivel Medio Menor,,1
"Nombra o señala acciones correctas e incorrectas para la convivencia del grupo. Ejemplo: dice “no es bueno pegarle a un compañero , entre otras.",Convivencia y Ciudadanía,"Reconocer acciones correctas e incorrectas para la convivencia armónica del grupo, que se presentan en diferentes situaciones cotidianas y juegos",Nivel Medio Menor,,1
"Realiza preguntas o solicita que se respeten algunos de los derechos de los niños. Ejemplo: le dice a un compañero que no le grite, pregunta por el nombre de un personaje de cuentos, entre otros.",Convivencia y Ciudadanía,"Manifestar interés por algunos de sus derechos, tales como: ser escuchados, tener un nombre, jugar, entre otros.",Nivel Medio Menor,,1
Nombra o señala distintas características y formas de vida de sus compañeros del jardín.,Convivencia y Ciudadanía,"Manifestar interés para interactuar con niños y niñas, reconociendo la diversidad de sus características y formas de vida (costumbres, fisonomía, lingüística, entre otras).",Nivel Medio Menor,,1
"Comunica verbal o gestualmente cuando siente agrado o desagrado corporal. Ejemplo: señala cuando está sentado de manera incómoda, indica que le gusta acostarse en la alfombra, entre otras.",Corporalidad y movimiento,"Reconocer situaciones en que se siente cómodo corporalmente, manifestando al adulto su bienestar y su interés por mantener estas condiciones",Nivel Medio Menor,,1
"Dice algunas características y funciones de las partes de su cuerpo. Ejemplo: reconoce que la lengua sirve para saborear, dice de qué color son sus ojos, cuenta que con los brazos puede abrazar muy fuerte, entre otros.",Corporalidad y movimiento,"Reconocer las principales partes, características físicas de su cuerpo y sus funciones en situaciones cotidianas y de juego.",Nivel Medio Menor,,1
"Juega realizando diversas acciones con su cuerpo. Ejemplo: se agacha, se arrastra, salta, mantiene el equilibrio, entre otras.",Corporalidad y movimiento,"Experimentar diversas posibilidades de acción con su cuerpo, en situaciones cotidianas y de juego, identificando progresivamente el vocabulario asociado.",Nivel Medio Menor,,1
Nombra o señala las sensaciones que le generan moverse y jugar libremente.,Corporalidad y movimiento,"Reconocer el bienestar que le produce el movimiento libre en situaciones cotidianas y lúdicas, manifestando su interés por desarrollarlo en forma frecuente.",Nivel Medio Menor,,4
"Toma objetos con una mano y lo manipula con la otra. Ejemplo: abrir una botella, rasgar o doblar papel, ensartar objetos, pelar un huevo, entre otros.",Corporalidad y movimiento,"Perfeccionar su coordinación visomotriz fina, a través del uso de diversos objetos, juguetes y utensilios.",Nivel Medio Menor,,1
"Corre y salta en distintas direcciones, manteniendo el equilibrio.",Corporalidad y movimiento,"Adquirir control y equilibrio en movimientos, posturas y desplazamientos que realiza en diferentes direcciones y en variadas situaciones cotidianas y juegos, con y sin implementos.",Nivel Medio Menor,,1
Incorpora mayor presición y coordinación en los movimientos y desplazamientos.,Corporalidad y movimiento,"Resolver desafíos prácticos en situaciones cotidianas y juegos, incorporando mayor precisión y coordinación en la realización de posturas, movimientos y desplazamientos, tales como: esquivar obstáculos o mantener equilibrio al subir escalas.",Nivel Medio Menor,,1
Resuelve desafíos en situaciones cotinidanas y juegos: esquiva obstáculos.,Corporalidad y movimiento,"Resolver desafíos prácticos en situaciones cotidianas y juegos, incorporando mayor precisión y coordinación en la realización de posturas, movimientos y desplazamientos, tales como: esquivar obstáculos o mantener equilibrio al subir escalas.",Nivel Medio Menor,,2
Se ubica siguiendo indicaciones de orientación espacial: arriba/abajo,Corporalidad y movimiento,"Utilizar categorías de ubicación espacial y temporal, tales como: adelante/atrás, arriba/ abajo, adentro/afuera, antes/ después, rápido/lento, en situaciones cotidianas y lúdicas.",Nivel Medio Menor,,1
Se ubica siguiendo indicaciones de orientación espacial: adentro/afuera,Corporalidad y movimiento,"Utilizar categorías de ubicación espacial y temporal, tales como: adelante/atrás, arriba/ abajo, adentro/afuera, antes/ después, rápido/lento, en situaciones cotidianas y lúdicas.",Nivel Medio Menor,,2
"Utiliza oraciones simples en las que incluye sujeto, verbo y predicado con al menos cinco palabras. Ejemplo: el niño tiene el pelo café, Marcela come una fruta naranja, entre otros.",Lenguaje Verbal,"Expresarse oralmente, empleando estructuras oracionales simples y respetando patrones gramaticales básicos, en distintas situaciones cotidianas y juegos.",Nivel Medio Menor,,1
"Responde a instrucciones sencillas y preguntas relativas a objetos y personas. Ejemplo: busca una pelota amarilla y ponla en la canasta ; ante la pregunta ¿dónde quedó la muñeca que estabas usando? , el niño la señala; entre otros.",Lenguaje Verbal,"Comprender mensajes simples como instrucciones explícitas, explicaciones y preguntas relativas a objetos, personas, acciones, tiempo y lugar, identificando la intencionalidad comunicativa de diversos interlocutores.",Nivel Medio Menor,,1
"Nombra o señala algunas características (fuerte, suave) de distintos sonidos. Ejemplo: dice “la ambulancia suena muy fuerte”, entre otros.",Lenguaje Verbal,"Identificar algunos atributos de los sonidos de diferentes fuentes sonoras como intensidad (fuerte/suave), velocidad (rápido/lento).",Nivel Medio Menor,,1
"Usa palabras nuevas (sustantivos, verbos y adjetivos) al contar temas de su interés. Ejemplo: la mesa es roja, la niña es pequeña, entre otros.",Lenguaje Verbal,"Incorporar progresivamente nuevas palabras, al comunicar oralmente temas variados de su interés e información básica, en distintas situaciones cotidianas.",Nivel Medio Menor,,1
"Explora diferentes textos (diarios, revistas, cuentos, libros, etc.) dando vuelta sus páginas, preguntando qué dice, pidiendo que le lean, mostrando algo que le llama la atención, entre otros.",Lenguaje Verbal,"Manifestar interés por descubrir el contenido de textos de diferentes formatos, a través de la manipulación, la exploración, la escucha atenta y la formulación de preguntas",Nivel Medio Menor,,1
"Nombra personajes, situaciones y ambientes que aparecen en los textos.",Lenguaje Verbal,"Comprender a partir de la escucha atenta, contenidos explícitos de textos literarios y no literarios, reconociendo ideas centrales, señalando preferencias, realizando sencillas descripciones, preguntando sobre el contenido.",Nivel Medio Menor,,1
"Nombra o señala imágenes, logos y símbolos presentes en su entorno cercano. Ejemplo: reconoce la señal Pare, identifica los logos de los baños, entre otros.",Lenguaje Verbal,"Reconocer progresivamente el significado de diversas imágenes, logos, símbolos de su entorno cotidiano, en diversos soportes (incluye uso de TICs).",Nivel Medio Menor,,1
"Juega a escribir, realizando diversos trazos a los que les atribuye un significado.",Lenguaje Verbal,Producir sus propios signos gráficos en situaciones lúdicas.,Nivel Medio Menor,,1
"Nombra, señala o pregunta por producciones artísticas (pinturas, arquitectura, escultura, danza, música, entre otras) que le llaman la atención.",Lenguaje Artístico,"Manifestar interés por diversas producciones artísticas (arquitectura, modelado, piezas musicales, pintura, dibujos, títeres, obras de teatro, danzas, entre otras), describiendo algunas características",Nivel Medio Menor,,1
"Comunica gestual y verbalmente los recursos expresivos que le gustan de diversas expresiones artísticas. Ejemplo: le gusta el ritmo de una canción, la superficie áspera de la escultura, los brillos y luces del escenario, entre otros.",Lenguaje Artístico,"Expresar sus preferencias, sensaciones y emociones relacionadas con diferentes recursos expresivos que se encuentran en sencillas obras visuales (colorido, formas), musicales (fuente, intensidad del sonido) o escénicas (desplazamiento, vestimenta, carácter expresivo).",Nivel Medio Menor,,1
"Canta y baila canciones o juegos musicales, expresándose corporalmente.",Lenguaje Artístico,"Interpretar canciones y juegos musicales, experimentando con diversos recursos tales como, la voz, el cuerpo, instrumentos musicales y objetos.",Nivel Medio Menor,,1
Expresa corporalmente sus emociones y sensaciones con juegos teatrales.,Lenguaje Artístico,"Expresar corporalmente sensaciones y emociones experimentando con mímica, juegos teatrales, rondas, bailes y danzas.",Nivel Medio Menor,,1
"Expresa corporalmente sus emociones y sensaciones, rondas, bailes, danza",Lenguaje Artístico,"Expresar corporalmente sensaciones y emociones experimentando con mímica, juegos teatrales, rondas, bailes y danzas.",Nivel Medio Menor,,2
"Usa materiales y recursos plásticos y visuales (pintura, masa, plastilina, tiza, entre otros) para expresar emociones, ideas y experiencias.",Lenguaje Artístico,"Expresar emociones, ideas y experiencias por medio de la plástica experimentando con recursos pictóricos, gráficos y de modelado",Nivel Medio Menor,,1
"Utiliza diversos lenguajes artísticos en una producción (visuales, musicales, escénicos, entre otros).",Lenguaje Artístico,"Experimentar diversas posibilidades de expresión, combinando lenguajes artísticos en sus producciones.",Nivel Medio Menor,,1
Garabatea figuras cerradas y trazos intencionados para representar distintos elementos de su entorno.,Lenguaje Artístico,"Representar a través del dibujo, diversos elementos de su entorno, incorporando figuras cerradas, trazos intencionados y primeros esbozos de la figura humana.",Nivel Medio Menor,,1
"Realiza preguntas, observa con detención, solicita información o elige materiales educativos vinculados a animales, plantas y fenómenos de la naturaleza. Ejemplo: ordena distintos insectos que encontró en el patio, pregunta sobre la lluvia a partir de un libro que vio, entre otros.",Exploración del Entorno Natural,"Manifestar interés y asombro por diversos elementos, situaciones y fenómenos del entorno natural, explorando, observando, preguntando, describiendo, agrupando, entre otros",Nivel Medio Menor,,1
"Nombra o señala elementos (cuerpos celestes, cerros, ríos, entre otros) y paisajes de la naturaleza (desierto, bosque, estepa, entre otros).",Exploración del Entorno Natural,"Comunicar verbalmente características de elementos y paisajes de su entorno natural, tales como cuerpos celestes, cerros, desierto, flora; y de fenómenos como marejadas, sismos, tormentas, sequías.",Nivel Medio Menor,,1
"Nombra o señala que el sol es fuente de calor. Ejemplo: dice que cuando hay sol hace calor, entre otros.",Exploración del Entorno Natural,"Descubrir que el sol es fuente de luz y calor para el planeta, a través de experiencias directas o TICs",Nivel Medio Menor,,1
Nombra o señala las propiedades de color y tamaño de algunos elementos de la naturaleza.,Exploración del Entorno Natural,"Comunicar algunas propiedades básicas de los elementos naturales que explora, tales como: colores, texturas, tamaños, temperaturas entre otras.",Nivel Medio Menor,,1
"Nombra o señala distintos animales y sus características físicas (tamaño, textura, color, entre otros).",Exploración del Entorno Natural,"Distinguir una variedad progresivamente más amplia de animales y plantas, respecto a sus características (tamaño, color, textura y morfología), sus necesidades básicas y los lugares que habitan, al observarlos en forma directa, en libros ilustrados o en TICs",Nivel Medio Menor,,1
"Realiza acciones sencillas que aportan al desarrollo de ambientes sostenibles. Ejemplo: cierra bien la llave luego de lavarse los dientes, reutiliza algunos materiales, bota la basura en el basurero, entre otros.",Exploración del Entorno Natural,"Colaborar en situaciones cotidianas, en acciones que contribuyen al desarrollo de ambientes sostenibles, tales como cerrar las llaves de agua, apagar aparatos eléctricos, entre otras",Nivel Medio Menor,,1
"Usa distintos objetos para explorar y recolectar. Ejemplo: recipientes para coleccionar hojas, lupas para mirar insectos o piedras, entre otros.",Exploración del Entorno Natural,"Emplear instrumentos y herramientas de observación y recolección (lupas, frascos, recipientes, botellas, cucharas, embudos, pinzas, entre otros) en la exploración del entorno natural.",Nivel Medio Menor,,1
Realiza experimentos simples con materiales cotidianos.,Exploración del Entorno Natural,"Experimentar mezclas y disoluciones con materiales cotidianos tales como: burbujas de jabón, agua salada, gelatina, describiendo los cambios observados",Nivel Medio Menor,,1
Nombra o señala que el aire y el agua son elementos necesarios para la vida en el planeta.,Exploración del Entorno Natural,"Reconocer que el aire y el agua son elementos vitales para las personas, los animales y las plantas, y que estos elementos pueden encontrarse con o sin contaminación.",Nivel Medio Menor,,1
"Nombra o señala diversas actividades habituales de su familia y comunidad. Ejemplo: ir de compras, jugar en la plaza, leer, cocinar, entre otras.",Comprensión del Entorno Sociocultural,"Describir actividades habituales de su comunidad, como ir de compras, jugar en la plaza, viajar en bus, entre otras, señalando su participación en ellas",Nivel Medio Menor,,1
"Nombra o señala características de su comunidad a través de canciones, juegos, fotos, entre otros. Ejemplo: muestra una foto de la plaza de su barrio, entre otros..",Comprensión del Entorno Sociocultural,"Describir características de las formas de vida de su comunidad (viviendas, paisajes, costumbres), a través de canciones, juegos, relatos y fotos familiares, entre otras.",Nivel Medio Menor,,1
"Utiliza objetos tecnológicos respondiendo a sus necesidades de exploración y juego. Ejemplo: hace torres con pocillos, entre otros.",Comprensión del Entorno Sociocultural,Seleccionar utensilios domésticos y objetos tecnológicos que les permiten resolver problemas en contextos sociales auténticos.,Nivel Medio Menor,,1
"Nombra o señala eventos importantes de su historia familiar o personal. Ejemplo: fiestas de cumpleaños, paseos familiares, entre otros.",Comprensión del Entorno Sociocultural,"Reconocer sucesos significativos de su historia personal y familiar, en diversas situaciones, tales como: conversaciones familiares, relatos de un agente comunitario, visitas a lugares, observación de fotografías, entre otros.",Nivel Medio Menor,,1
"Nombra o señala algunos lugares y/o instituciones de su entorno. Ejemplo: consultorio, jardín infantil, comisaría de carabineros, compañía de bomberos, entre otros.",Comprensión del Entorno Sociocultural,"Identificar instituciones significativas de su entorno, describiendo actividades rutinas representativas que en ellas se realizan.",Nivel Medio Menor,,1
"Nombra o señala normas de protección y seguridad referidas a las experiencias educativas. Ejemplo: tomarse de la mano si salen del jardín, no correr con las manos en los bolsillos, entre otros.",Comprensión del Entorno Sociocultural,"Identificar algunas normas de protección y seguridad de su entorno cotidiano referidas a alimentación, tránsito y sismos, y otras pertinentes a su contexto geográfico.",Nivel Medio Menor,,1
"Nombra o señala elementos de la naturaleza (árboles, ríos,montañas, entre otros) y elementos culturales (estatuas, edificios,plazas, entre otros).",Comprensión del Entorno Sociocultural,"Distinguir en paisajes de su localidad, elementos naturales (bosque, cerros, ríos), y culturales (caminos, edificios, puentes).",Nivel Medio Menor,,1
"Repite patrones (corporales, auditivos, visuales, de capacidad, entre otros) de dos elementos. Ejemplo: dado el patrón argolla grande, argolla chica , el niño lo continúa argolla grande, argolla chica .",Pensamiento Matemático,"Reproducir patrones sonoros, visuales, gestuales, corporales u otros, de dos o tres elementos.",Nivel Medio Menor,,1
"Agrupa elementos considerando un atributo a la vez. Ejemplo: agrupa las frutas de acuerdo al tipo de fruta, junta los lápices por color, entre otros.",Pensamiento Matemático,"Experimentar con diversos objetos, estableciendo relaciones al clasificar por dos atributos a la vez (forma, color, entre otros) y seriar por altura o longitud",Nivel Medio Menor,,1
Compara dos objetos de acuerdo a su altura o longitud. Ejemplo: entre dos lápices dice cuál es más corto y cuál es más largo.,Pensamiento Matemático,"Experimentar con diversos objetos, estableciendo relaciones al clasificar por dos atributos a la vez (forma, color, entre otros) y seriar por altura o longitud",Nivel Medio Menor,,1
"Utiliza conceptos espaciales de ubicación y distancia para describir la posición de personas y objetos en relación a sí mismo. Por ejemplo: la bandera está arriba, el perro está afuera, el libro está cerca, entre otros.",Pensamiento Matemático,"Describir la posición de objetos y personas, respecto de un punto u objeto de referencia, empleando conceptos de ubicación y distancia tales como: dentro/fuera; encima/debajo; cerca /lejos.",Nivel Medio Menor,,1
"Nombra o identifica en dibujos nociones y relaciones de secuencias temporales breves (día/noche, mañana/tarde, antes/después). Ejemplo: dice estamos en la mañana , indica que en la noche duerme, entre otros.",Pensamiento Matemático,"Orientarse temporalmente en situaciones cotidianas, mediante la utilización progresiva de algunas nociones y relaciones de secuencias, tales como: antes/después, día/noche, hoy/mañana.",Nivel Medio Menor,,1
"Utiliza cuantificadores simples (muchos/pocos, todo/ninguno, más/menos, entre otros) para describir elementos. Ejemplo: hay muchos lápices, no hay ninguna manzana, entre otros.",Pensamiento Matemático,"Emplear cuantificadores, tales como: más/menos, mucho/poco, todo/ninguno, al comparar cantidades de objetos en situaciones cotidianas.",Nivel Medio Menor,,1
"Usa los números para representar cantidades y contar hasta el cinco en situaciones de la vida diaria. Ejemplo: muestra con los dedos cuántos años tiene, cuenta cuántos dedos tiene, entre otros.",Pensamiento Matemático,"Emplear progresivamente los números, para contar, identificar, cuantificar y comparar cantidades, hasta el 10 e indicar orden o posición de algunos elementos en situaciones cotidianas o juegos.",Nivel Medio Menor,,1
Representa concreta y pictóricamente (con dibujos o símbolos) números y cantidades al menos hasta el cinco.,Pensamiento Matemático,"Representar progresivamente, números y cantidades en forma concreta y pictórica hasta el 10.",Nivel Medio Menor,,1
"Resuelve problemas simples agregando hasta cinco elementos. Ejemplo:si tiene dos manzanas, dibuja las manzanas que le faltan para darles a cinco compañeras, entre otros.",Pensamiento Matemático,"Resolver progresivamente problemas simples, de manera concreta y pictórica, agregando o quitando hasta 5 elementos.",Nivel Medio Menor,,1
"Nombra o señala distintas figuras 3d (cuerpos geométricos) tales como cilindro, cubo, esfera, entre otros.",Pensamiento Matemático,"Descubrir atributos de figuras 3D, mediante la exploración de objetos presentes en su entorno.",Nivel Medio Menor,,1
"Describe algunas acciones que realizó para lograr una meta. Ejemplo:dice que le pego con un palo a la pelota para sacarla de debajo de lamesa, entre otros.",Pensamiento Matemático,Identificar algunas acciones que se llevaron a cabo para resolver problemas.,Nivel Medio Menor,,1
"Vocaliza, patalea tratando de llamar la atención de personas conocidas cuando percibe que están cerca.",Identidad y Autonomía,"Expresar vocal, gestual o corporalmente distintas necesidades o emociones (alegría, miedo, pena, entre otras).",Sala Cuna Menor,,1
"Se conforta, acurrucándose en brazos del adulto significativo.",Identidad y Autonomía,Manifestar satisfacción cuando percibe que adultos significativos le expresan afecto,Sala Cuna Menor,,1
Se calma cuando aparece un adulto significativo.,Identidad y Autonomía,"Reconocer algunas emociones en adultos significativos, reaccionando frente a ellas.",Sala Cuna Menor,,1
Sonríe o vocaliza frente a situaciones u objetos que le atraen.,Identidad y Autonomía,"Manifestar sus preferencias por algunas situaciones, objetos y juegos.",Sala Cuna Menor,,1
Reacciona cuando se le nombra. Ejemplo: girando la cabeza y mirando a quien lo nombra,Identidad y Autonomía,"Manifestar interés por nuevas situaciones u objetos, ampliando su campo y repertorio de acción habitual.",Sala Cuna Menor,,1
Reconoce su imagen física en el espejo.,Identidad y Autonomía,"Reconocer algunos rasgos distintivos de su identidad, tales como: su nombre y su imagen física en el espejo.",Sala Cuna Menor,,1
Se adapta a rutinas básicas relacionadas con alimentación en la sala cuna.,Identidad y Autonomía,"Incorporar rutinas básicas vinculadas a la alimentación, vigilia, sueño, higiene, y vestuario dentro de un contexto diferente a su hogar y sensible a sus necesidades personales.",Sala Cuna Menor,,1
Se adapta a rutinas básicas relacionadas con descanso en la sala cuna.,Identidad y Autonomía,"Incorporar rutinas básicas vinculadas a la alimentación, vigilia, sueño, higiene, y vestuario dentro de un contexto diferente a su hogar y sensible a sus necesidades personales.",Sala Cuna Menor,,3
Mantiene la mirada en la interacción con un adulto significativo.,Convivencia y Ciudadanía,"Interactuar con pares y adultos significativos (a través de gestos y vocalizaciones,entre otros), en diferentes situaciones y juegos.",Sala Cuna Menor,,1
Balbucea en respuesta a quien le habla.,Convivencia y Ciudadanía,"Interactuar con pares y adultos significativos (a través de gestos y vocalizaciones,entre otros), en diferentes situaciones y juegos.",Sala Cuna Menor,,3
Sonríe y agita los brazos ante la presencia de un adulto conocido.,Convivencia y Ciudadanía,"Disfrutar de la cercanía de niños, niñas y adultos en juegos y situaciones cotidianas.",Sala Cuna Menor,,1
"Interactua con sus pares cuando a este le sucede algo, realizando alguna acción de contención y amor.",Convivencia y Ciudadanía,"Manifestar interés por lo que le sucede a otros niños y niñas, a través de acciones tales como: abrazar a quien está llorando, hacer cariños, entre otros.",Sala Cuna Menor,,1
Mira poniendo atención a las personas y objetos de su entorno.,Convivencia y Ciudadanía,Manifestar interés por participar en celebraciones de su entorno significativo.,Sala Cuna Menor,,1
Saluda o se despide a través de gestos.,Convivencia y Ciudadanía,"Practicar algunas normas de convivencia, tales como: sentarse en su silla para almorzar, saludar, despedirse, y colaborar en acciones cotidianas.",Sala Cuna Menor,,1
"Responde ante acciones o gestos positivamente al cambio de comportamiento, frente algún requerimiento del adulto que vela por su bienestrar.",Convivencia y Ciudadanía,"Manifestar disposición para responder positivamente o cambiar su comportamiento, frente a requerimientos del adulto, asociados a su seguridad y bienestar.",Sala Cuna Menor,,1
Se calma al salir de un estado de incomodidad corporal.,Corporalidad y movimiento,"Manifestar su agrado, al sentirse cómodo, seguro y contenido corporalmente.",Sala Cuna Menor,,1
Se observa las manos y los pies mientras los mueven en el aire.,Corporalidad y movimiento,"Descubrir partes de su cuerpo y algunas de sus características físicas, a través de diversas experiencias sensoriomotrices.",Sala Cuna Menor,,1
Se lleva las manos a la boca.,Corporalidad y movimiento,"Descubrir partes de su cuerpo y algunas de sus características físicas, a través de diversas experiencias sensoriomotrices.",Sala Cuna Menor,,3
Disfruta de moverse libremente sobre la colchoneta o en su cuna.,Corporalidad y movimiento,Manifestar interés y satisfacción al moverse libremente en situaciones cotidianas y lúdicas.,Sala Cuna Menor,,1
Intenta tomar objetos pequeños con toda la mano.,Corporalidad y movimiento,"Ampliar sus posibilidades de exploración sensoriomotriz, adquiriendo control de la prensión palmar voluntaria (toma objetos, se pasa objetos de una mano a otra, entre otros) y la postura sedente.",Sala Cuna Menor,,1
Toma un objeto en cada mano.,Corporalidad y movimiento,"Ampliar sus posibilidades de exploración sensoriomotriz, adquiriendo control de la prensión palmar voluntaria (toma objetos, se pasa objetos de una mano a otra, entre otros) y la postura sedente.",Sala Cuna Menor,,3
Se para con apoyo.,Corporalidad y movimiento,"Adquirir desplazamiento gradual en sus distintas formas (girar, reptar, ponerse de pie, caminar), para disfrutar la ampliación de sus posibilidades de movimiento, exploración y juego.",Sala Cuna Menor,,1
Camina solo.,Corporalidad y movimiento,"Adquirir desplazamiento gradual en sus distintas formas (girar, reptar, ponerse de pie, caminar), para disfrutar la ampliación de sus posibilidades de movimiento, exploración y juego.",Sala Cuna Menor,,3
Intenta tomar objetos pequeños con el pulgar contraponiéndolo con los otros dedos.,Corporalidad y movimiento,"Coordinar movimientos de manipulación ubicando objetos en relación a su propio cuerpo, tales como: acercar objetos pequeños utilizando índice y pulgar en oposición.",Sala Cuna Menor,,1
Se desplaza arrastrándose o gateando.,Corporalidad y movimiento,"Explorar la alternancia de posturas y movimientos en acciones tales como: trepar, lanzar objetos o hacer ronda, adquiriendo control gradual de su cuerpo al jugar.",Sala Cuna Menor,,1
"Se expresa por medio de balbuceos (sonidos bisilábicos), vocalizaciones y gestos. Ejemplo: dice “ba ba” para pedir algo.",Lenguaje Verbal,"Expresar oralmente sus emociones y necesidades, a través de balbuceos, vocalizaciones y diversos recursos gestuales.",Sala Cuna Menor,,1
Alterna el turno de habla al comunicarse con otros.,Lenguaje Verbal,"Expresar oralmente sus necesidades e intereses, mediante la combinación de palabras y gestos, el uso de palabra-frase y progresivamente el empleo de frases simples",Sala Cuna Menor,,1
"Mantiene la mirada sobre un objeto en conjunto con un adulto significativo. Ejemplo: el adulto muestra un muñeco y dice “mira el muñeco”, el niño traslada la mirada desde la persona al muñeco que le muestra el adulto.",Lenguaje Verbal,"Identificar progresivamente la intención comunicativa de las distintas personas de su entorno a partir de sus expresiones verbales, no verbales y paraverbales.",Sala Cuna Menor,,1
"Muestra algunos objetos del entorno familiar, al ser nombrados por un adulto. Ejemplo: adulto “¿dónde está la mamadera?”, niño o niña señala o toma la mamadera.",Lenguaje Verbal,"Comprender mensajes simples y breves en juegos y situaciones comunicativas cotidianas, respondiendo en forma gestual y corporal.",Sala Cuna Menor,,1
"Vuelve la cabeza o mira hacia el lugar de donde viene el sonido de un objeto (artefactos, instrumentos, etc.).",Lenguaje Verbal,"Reconocer sonidos de diferentes fuentes sonoras de su entorno cotidiano, tales como objetos, artefactos, instrumentos musicales, animales, naturaleza.",Sala Cuna Menor,,1
"Dice algunas palabras. Ejemplo: mamá, papá, tata, agua.",Lenguaje Verbal,"Incorporar nuevas palabras a su repertorio lingüístico para comunicarse con otros, en juegos y conversaciones.",Sala Cuna Menor,,1
Manipula libros de cuentos.,Lenguaje Verbal,"Disfrutar de distintos textos gráficos (libros de cuentos, láminas, entre otros) al manipularlos y observar sus imágenes",Sala Cuna Menor,,1
"Disfruta de experiencias sensoriales asociadas a sonidos, texturas, colores, luminosidad del entorno. Ejemplo: se pasa una manta suave por la cara, disfruta del paso de la luz por entre las hojas.",Lenguaje Artístico,"Manifestar interés por los sonidos, las texturas, los colores y la luminosidad de su entorno, respondiendo a través de diversas formas, tales como balbuceo, gestos, sonrisas, entre otros.",Sala Cuna Menor,,1
"Agita o golpea objetos para hacerlos sonar, repitiendo los movimientos.",Lenguaje Artístico,"Producir sonidos con su voz, su cuerpo y diversos objetos sonoros, en forma espontánea o por imitación.",Sala Cuna Menor,,1
Imita gestos mientras se le cantan canciones que le gustan.,Lenguaje Artístico,"Imitar gestos, movimientos, sonidos de su entorno significativo, a través de diversos medios.",Sala Cuna Menor,,1
Realiza movimientos cuando escucha una canción que le gusta.,Lenguaje Artístico,"Manifestar sus preferencias por recursos expresivos presentes en piezas musicales, visuales, y escénicas, a través de gestos, movimientos, palabras, entre otros.",Sala Cuna Menor,,1
Vocaliza mientras se cantan canciones que le gustan.,Lenguaje Artístico,"Expresar corporalmente las emociones y sensaciones que le provocan algunas piezas musicales, bailando, cantando e intentando seguir el ritmo",Sala Cuna Menor,,1
"Explora sus posibilidades de expresión con materiales plásticos (pintura, lápices gruesos).",Lenguaje Artístico,"Experimentar sus posibilidades de expresión plástica a través de diversos recursos, produciendo sus primeros garabateos espontáneos.",Sala Cuna Menor,,1
"Reacciona frente a sonidos de su entorno como agua, pájaros, pasos, zumbidos. Ejemplo: se desplaza al lugar, realiza gestos de atención como levantar el dedo apuntando hacia la fuente de sonido, usa palabra frase, realiza gestos de pregunta.",Exploración del Entorno Natural,"Manifestar curiosidad y asombro por algunos elementos, situaciones y fenómenos que ocurren en su entorno natural cercano, tales como: arena, lluvia, viento, entre otros.",Sala Cuna Menor,,1
"Distingue algunos animales. Ejemplo: al observar láminas, emite sonidos onomatopéyicos de los animales que observa o los nombra.",Exploración del Entorno Natural,"Reconocer algunos elementos representativos de su entorno natural, tales como: animales, plantas, ríos, cerros, desierto.",Sala Cuna Menor,,1
"Manipula objetos o elementos de la naturaleza como hojas, ramitas, pétalos.",Exploración del Entorno Natural,"Explorar su entorno, observando, manipulando y experimentando con diversos materiales de su interés, tales como: mezclar agua con tierra, recoger hojas o ramas, trasladar piedras, hacer huellas.",Sala Cuna Menor,,1
"Juega a representaciones sencillas con objetos familiares. Ejemplo: hablar por teléfono, tapar una muñeca como si fuera una guagua.",Comprensión del Entorno Sociocultural,Imitar gestos y acciones que realizan personas de su entorno cercano.,Sala Cuna Menor,,1
Agita los brazos y sonríe cuando anticipa que será tomado en brazos.,Comprensión del Entorno Sociocultural,"Identificar algunas actividades habituales que se realizan en su vida cotidiana, tales como: preparación de alimentos, rutinas antes de dormir, entre otras.",Sala Cuna Menor,,1
Se ríe con juegos y canciones que le gustan.,Comprensión del Entorno Sociocultural,"Manifestar interés por canciones, juegos y bailes que forman parte de su cotidianeidad.",Sala Cuna Menor,,1
"Toca, coge y se lleva a la boca objetos que están a su alcance (cuchara, pocillos, entre otros).",Comprensión del Entorno Sociocultural,"Explorar utensilios domésticos y objetos tecnológicos que forman parte de su vida cotidiana, tales como: pocillos, envases de botellas, escobas, cucharas, teléfonos, entre otros, utilizándolos progresivamente en situaciones cotidianas y juegos",Sala Cuna Menor,,1
"Manifiesta reconocer a través de sus gestos y/o balbuceos objetos y personas, asociándolas a los lugares que más frecuenta en su entorno sociocultural.",Comprensión del Entorno Sociocultural,"Reconocer objetos y personas, asociándolos a ciertos lugares, tales como: educadora/ técnico y jardín infantil; mamá/papá y casa; cama y dormir, recinto de cocina y comida, de su entorno sociocultural.",Sala Cuna Menor,,1
"Sonríe cuando un adulto realiza juegos de aparición y desaparición. Ejemplo: mientras el adulto se tapa y destapa con un género y dice“está, no está”, el niño sonríe.",Pensamiento Matemático,"Adquirir la noción de permanencia de objetos y de personas significativas, mediante juegos con diversos objetos de uso cotidiano.",Sala Cuna Menor,,1
Busca objetos que un adulto oculta totalmente frente a su vista.,Pensamiento Matemático,"Adquirir la noción de permanencia de objetos y de personas significativas, mediante juegos con diversos objetos de uso cotidiano.",Sala Cuna Menor,,3
Explora objetos con distintas características que le llaman la atención.,Pensamiento Matemático,"Explorar a través de sus experiencias sensoriales y motrices, atributos de los objetos tales como: tamaño, textura y dureza.",Sala Cuna Menor,,1
"Resuelve problemas en sus juegos. Ejemplo: sacar objetos de un contenedor, entre otros.",Pensamiento Matemático,"Experimentar con los objetos, resolviendo situaciones concretas, tales como: alcanzar objetos, apretar botones en aparatos sonoros, sacar juguetes de contenedores, juntarobjetos, entre otros.",Sala Cuna Menor,,1
Al jugar con algún elemento realiza la acción dentro/afuera,Pensamiento Matemático,"Utilizar en situaciones lúdicas, nociones de ubicación en relación con su propio cuerpo tales como: dentro/fuera; encima/debajo.",Sala Cuna Menor,,1
"Por la ejecusión de sus acciones, demuestra orientarse en secuencias del día a día que realizan en la sala.",Pensamiento Matemático,"Orientarse temporalmente en situaciones cotidianas, siguiendo secuencias breves tales como: antes/después.",Sala Cuna Menor,,1
"Manifiesta gestual, corporalmente y/o de manera verbal que quiere más, mucho....",Pensamiento Matemático,"Emplear cuantificadores (más/menos, mucho/poco), en situaciones cotidianas.",Sala Cuna Menor,,1
"Expresa facial y corporalmente sentimientos, emociones y necesidades. Ejemplo: llora cuando está incómodo, sonríe cuando le gusta algo, abraza para expresar cariño, entre otras.",Identidad y Autonomía,"Expresar vocal, gestual o corporalmente distintas necesidades o emociones (alegría, miedo, pena, entre otras).",Sala Cuna Mayor,,1
Se conforta acurrucándose en los brazos del adulto.,Identidad y Autonomía,Manifestar satisfacción cuando percibe que adultos significativos le expresan afecto,Sala Cuna Mayor,,2
"Responde verbal y/o gestualmente a las emociones expresadas de sus adultos significativos. Por ejemplo: sonríe cuando el adulto le sonríe, hace cariño si el adulto muestra dolor, entre otras.",Identidad y Autonomía,"Reconocer algunas emociones en adultos significativos, reaccionando frente a ellas.",Sala Cuna Mayor,,3
"Explora y se mueve libremente en nuevas situaciones. Por ejemplo, se incorpora en nuevos juegos, entre otras.",Identidad y Autonomía,"Manifestar sus preferencias por algunas situaciones, objetos y juegos.",Sala Cuna Mayor,,4
Se acerca a materiales educativos de su preferencia.,Identidad y Autonomía,"Manifestar interés por nuevas situaciones u objetos, ampliando su campo y repertorio de acción habitual.",Sala Cuna Mayor,,5
"Reacciona a su nombre y a la mención de algunas partes de su cuerpo. Ejemplo: mira cuando mencionan su nombre, toca su cabeza cuando le dicen cabeza , entre otros.",Identidad y Autonomía,"Reconocer algunos rasgos distintivos de su identidad, tales como: su nombre y su imagen física en el espejo",Sala Cuna Mayor,,6
"Realiza algunos intentos para realizar sus prácticas de alimentación, vestuario e higiene, facilitando la labor del adulto. Ejemplo: toma la cuchara, busca su babero, levanta los brazos, deja que le limpien la cara, entre otras.",Identidad y Autonomía,"Incorporar rutinas básicas vinculadas a la alimentación, vigilia, sueño, higiene, y vestuario dentro de un contexto diferente a su hogar y sensible a sus necesidades personales.",Sala Cuna Mayor,,7
"Se relaciona con adultos significativos y pares en situaciones de juego, a través de gestos, vocalizaciones e imitaciones. Ejemplo: entrega un juguete o algo que está comiendo, realiza un gesto para saludar, entre otros.",Convivencia y Ciudadanía,"Interactuar con pares y adultos significativos (a través de gestos y vocalizaciones, entre otros), en diferentes situaciones y juegos.",Sala Cuna Mayor,,1
Disfruta al compartir en juegos y situaciones con sus pares y adultos.,Convivencia y Ciudadanía,"Disfrutar de la cercanía de niños, niñas y adultos en juegos y situaciones cotidianas.",Sala Cuna Mayor,,2
"Ante la presencia de otros niños y niñas, realiza acciones como observar con atención lo que hacen, hacerles cariño si lloran, entregar un juguete que estén mirando, entre otras.",Convivencia y Ciudadanía,"Manifestar interés por lo que le sucede a otros niños y niñas, a través de acciones tales como: abrazar a quien está llorando, hacer cariños, entre otros.",Sala Cuna Mayor,,3
"Se interesa en celebraciones de su entorno a través de acciones como observar lo que ocurre, reír, jugar dentro de esa actividad, entre otras.",Convivencia y Ciudadanía,Manifestar interés por participar en celebraciones de su entorno significativo.,Sala Cuna Mayor,,4
"Actúa según las normas de convivencia de su grupo en distintas situaciones cotidianas. Ejemplo: colabora guardando juguetes, saluda al llegar, entre otras.",Convivencia y Ciudadanía,"Practicar algunas normas de convivencia, tales como: sentarse en su silla para almorzar, saludar, despedirse, y colaborar en acciones cotidianas",Sala Cuna Mayor,,5
"Cambia su comportamiento ante advertencias sobre riesgos o conductas inapropiadas. Por ejemplo: se detiene cuando el adulto le advierte de un peligro, presta un juguete luego de que un adulto le indica que se debe compartir, entre otras.",Convivencia y Ciudadanía,"Manifestar disposición para responder positivamente o cambiar su comportamiento, frente a requerimientos del adulto, asociados a su seguridad y bienestar.",Sala Cuna Mayor,,6
"Demuestra comodidad y sonríe cuando el adulto atiende sus necesidades corporales y/o lo deja moverse libremente. Ejemplo: cuando el adulto lo muda, cuando lo deja en la colchoneta, entre otros.",Corporalidad y movimiento,"Manifestar su agrado, al sentirse cómodo, seguro y contenido corporalmente.",Sala Cuna Mayor,,1
"Nombra o señala las partes del cuerpo en distintas situaciones lúdicas. Ejemplo: señala las partes del cuerpo mientras baila la canción danza cabeza-hombro-pierna y pie , reconoce el ombligo en una muñeca, entre otras.",Corporalidad y movimiento,"Descubrir partes de su cuerpo y algunas de sus características físicas, a través de diversas experiencias sensoriomotrices.",Sala Cuna Mayor,,2
Demuestra satisfacción al moverse libremente en situaciones cotidianas y de juego.,Corporalidad y movimiento,Manifestar interés y satisfacción al moverse libremente en situaciones cotidianas y lúdicas.,Sala Cuna Mayor,,3
Este indicador NO está considerado con el OA en este nivel(Está considerado,Corporalidad y movimiento,"Ampliar sus posibilidades de exploración sensoriomotriz, adquiriendo control de la prensión palmar voluntaria (toma objetos, se pasa objetos de una mano a otra, entre otros) y la postura sedente",Sala Cuna Mayor,,4
Camina y gira en distintas direcciones sin perder el equilibrio.,Corporalidad y movimiento,"Adquirir desplazamiento gradual en sus distintas formas (girar, reptar, ponerse de pie, caminar), para disfrutar la ampliación de sus posibilidades de movimiento, exploración y juego.",Sala Cuna Mayor,,5
Toma objetos utilizando índice y pulgar en oposición.,Corporalidad y movimiento,"Coordinar movimientos de manipulación ubicando objetos en relación a su propio cuerpo, tales como: acercar objetos pequeños utilizando índice y pulgar en oposición.",Sala Cuna Mayor,,6
"Alterna posturas y movimientos de manera controlada. Por ejemplo: trepa sobre objetos voluminosos, toma y lanza objetos en una dirección determinada, entre otros.",Corporalidad y movimiento,"Explorar la alternancia de posturas y movimientos en acciones tales como: trepar, lanzar objetos o hacer ronda, adquiriendo control gradual de su cuerpo al jugar.",Sala Cuna Mayor,,7
"Utiliza frases con al menos un verbo y un sujeto, sin importar el orden. Ejemplo: cayó auto, tía baño, entre otras.",Lenguaje Verbal,"Expresar oralmente sus emociones y necesidades, a través de balbuceos, vocalizaciones y diversos recursos gestuales.",Sala Cuna Mayor,,1
"Responde a los mensajes verbales, no verbales y para verbales (entonación, pausas y énfasis) que realizan los adultos. Ejemplo: indica el vaso cuando el adulto le pregunta, se ríe cuando el adulto le sonríe, entre otros.",Lenguaje Verbal,"Expresar oralmente sus necesidades e intereses, mediante la combinación de palabras y gestos, el uso de palabra-frase y progresivamente el empleo de frases simples",Sala Cuna Mayor,,2
Identifica la intención comunicativa del adulto de su entorno a través de un lenguaje gestual y corporal.,Lenguaje Verbal,"Identificar progresivamente la intención comunicativa de las distintas personas de su entorno a partir de sus expresiones verbales, no verbales y paraverbales.",Sala Cuna Mayor,,3
Comprende mensajes simples en juegos y situaciones comunicativas.,Lenguaje Verbal,"Comprender mensajes simples y breves en juegos y situaciones comunicativas cotidianas, respondiendo en forma gestual y corporal.",Sala Cuna Mayor,,4
"Nombra o señala qué animal, instrumento musical u objeto sonoro es, cuando lo escucha.",Lenguaje Verbal,"Reconocer sonidos de diferentes fuentes sonoras de su entorno cotidiano, tales como objetos, artefactos, instrumentos musicales, animales, naturaleza.",Sala Cuna Mayor,,5
"Utiliza palabras nuevas, de acuerdo a su repertorio lingüístico.",Lenguaje Verbal,"Incorporar nuevas palabras a su repertorio lingüístico para comunicarse con otros, en juegos y conversaciones.",Sala Cuna Mayor,,6
"Explora, manipula y mira con atención textos gráficos de su interés (libros, cuentos, dibujos, revistas, láminas, entre otros).",Lenguaje Verbal,"Disfrutar de distintos textos gráficos (libros de cuentos, láminas, entre otros) al manipularlos y observar sus imágenes",Sala Cuna Mayor,,7
"Nombra o señala personajes, objetos y situaciones de un texto que le leyeron. Ejemplo: indica dónde está el león en el libro Zoo, entre otros.",Lenguaje Verbal,"Comprender progresivamente, a partir de la escucha atenta, algunos contenidos explícitos de textos literarios y no literarios, respondiendo preguntas simples, en forma oral o gestual (¿qué es?, ¿quién es?, ¿dónde está?)",Sala Cuna Mayor,,8
"Produce sonidos con instrumentos musicales de manera autónoma o por imitación. Ejemplo: la agente educativa golpea dos veces el pandero; el niño golpea dos veces el pandero, entre otros.",Lenguaje Artístico,"Producir sonidos con su voz, su cuerpo y diversos objetos sonoros, en forma espontánea o por imitación.",Sala Cuna Mayor,,2
"Imita sonidos, gestos, movimientos de animales.",Lenguaje Artístico,"Imitar gestos, movimientos, sonidos de su entorno significativo, a través de diversos medios.",Sala Cuna Mayor,,3
"Comunica gestual o corporalmente sus preferencias por canciones, elementos visuales o escénicos. Ejemplo: indica que quiere usar un antifaz a partir de lo visto en una obra de teatro, se queda mirando detenidamente algunas fotografías, aplaude cuando escucha una canción, entre otras.",Lenguaje Artístico,"Manifestar sus preferencias por recursos expresivos presentes en piezas musicales, visuales, y escénicas, a través de gestos, movimientos, palabras, entre otros.",Sala Cuna Mayor,,4
"Realiza movimientos corporales mientras escucha una canción, intentando seguir el ritmo. Ejemplo: baila, aplaude, entre otros.",Lenguaje Artístico,"Expresar corporalmente las emociones y sensaciones que le provocan algunas piezas musicales, bailando, cantando e intentando seguir el ritmo",Sala Cuna Mayor,,5
Pinta o realiza sus primeros trazos y/o barridos con materiales de su preferencia.,Lenguaje Artístico,"Experimentar sus posibilidades de expresión plástica a través de diversos recursos, produciendo sus primeros garabateos espontáneos.",Sala Cuna Mayor,,6
"Muestra, manipula o consulta por elementos y fenómenos de la naturaleza. Ejemplo: llama la atención de la tía por la neblina, escucha el sonido del viento, indica que quiere jugar bajo la lluvia, entre otros.",Exploración del Entorno Natural,"Manifestar curiosidad y asombro por algunos elementos, situaciones y fenómenos que ocurren en su entorno natural cercano, tales como: arena, lluvia, viento, entre otros.",Sala Cuna Mayor,,1
"Nombra o señala elementos de la naturaleza presentes en su entorno (animales, plantas, montañas, desiertos, entre otros).",Exploración del Entorno Natural,"Reconocer algunos elementos representativos de su entorno natural, tales como: animales, plantas, ríos, cerros, desierto.",Sala Cuna Mayor,,2
"Juega con objetos de la naturaleza presentes en su entorno. Ejemplo: mezcla agua con arena, colecciona hojas secas, realiza caminos con piedras, entre otros.",Exploración del Entorno Natural,"Explorar su entorno, observando, manipulando y experimentando con diversos materiales de su interés, tales como: mezclar agua con tierra, recoger hojas o ramas, trasladar piedras, hacer huellas.",Sala Cuna Mayor,,3
"Nombra o señala características de animales de su entorno. Ejemplo: señala el cuello largo de la jirafa, dice el color de un perro, entre otros.",Exploración del Entorno Natural,"Descubrir características de animales al observarlos en forma directa, en textos y en imágenes.",Sala Cuna Mayor,,4
"Ayuda en actividades para cuidar la naturaleza. Ejemplo: regar, recoger hojas, entre otras.",Exploración del Entorno Natural,"Colaborar en actividades sencillas de cuidado de la naturaleza, tales como: regar, recoger hojas, trasladar ramitas, entre otras.",Sala Cuna Mayor,,5
"Juega realizando gestos y actividades cotidianas de personas de su entorno. Ejemplo: juega a limpiar con un paño, entre otros.",Comprensión del Entorno Sociocultural,Imitar gestos y acciones que realizan personas de su entorno cercano.,Sala Cuna Mayor,,1
"Realiza acciones asociadas a actividades habituales del jardín. Ejemplo: busca su mochila cuando llegan a buscarlo, deja la mamadera sobre la bandeja cuando termina de comer, entre otras.",Comprensión del Entorno Sociocultural,"Identificar algunas actividades habituales que se realizan en su vida cotidiana, tales como: preparación de alimentos, rutinas antes de dormir, entre otras.",Sala Cuna Mayor,,2
"Canta, baila y juega con repertorios que son parte de su cotidianeidad. Ejemplo: canta la vaca lola, baila la gallina turuleca, entre otras.",Comprensión del Entorno Sociocultural,"Manifestar interés por canciones, juegos y bailes que forman parte de su cotidianeidad.",Sala Cuna Mayor,,3
"Manipula y explora por algunos minutos utensilios domésticos. Ejemplo: escoba, envases, pocillos, entre otros.",Comprensión del Entorno Sociocultural,"Explorar utensilios domésticos y objetos tecnológicos que forman parte de su vida cotidiana, tales como: pocillos, envases de botellas, escobas, cucharas, teléfonos, entre otros, utilizándolos progresivamente en situaciones cotidianas y juegos",Sala Cuna Mayor,,4
"Nombra o señala dónde se encuentran personas y objetos de uso cotidiano. Ejemplo: muestra dónde se guardan los libros, indica que los doctores están en el consultorio, entre otros.",Comprensión del Entorno Sociocultural,"Reconocer objetos y personas, asociándolos a ciertos lugares, tales como: educadora/ técnico y jardín infantil; mamá/papá y casa; cama y dormir, recinto de cocina y comida, de su entorno sociocultural.",Sala Cuna Mayor,,5
Busca objetos o personas hasta encontrarlos.,Pensamiento Matemático,"Adquirir la noción de permanencia de objetos y de personas significativas, mediante juegos con diversos objetos de uso cotidiano.",Sala Cuna Mayor,,1
"Manipula objetos con distintas características. Ejemplo: se lleva a la boca (muerde/chupa) objetos duros y blandos, toca telas suaves y rugosas, entre otros.",Pensamiento Matemático,"Explorar a través de sus experiencias sensoriales y motrices, atributos de los objetos tales como: tamaño, textura y dureza.",Sala Cuna Mayor,,2
"Utiliza objetos para resolver problemas básicos en situaciones cotidianas. Ejemplo: utiliza un rastrillo para alcanzar objetos, presiona botones en aparatos sonoros, guarda sus juguetes en un contenedor, entre otros.",Pensamiento Matemático,"Experimentar con los objetos, resolviendo situaciones concretas, tales como: alcanzar objetos, apretar botones en aparatos sonoros, sacar juguetes de contenedores, juntar objetos, entre otros",Sala Cuna Mayor,,3
"Se ubica siguiendo indicaciones de orientación espacial. Ejemplo: arriba de la colchoneta, debajo de la mesa, al lado de la puerta, entre otros.",Pensamiento Matemático,"Utilizar en situaciones lúdicas, nociones de ubicación en relación con su propio cuerpo tales como: dentro/fuera; encima/debajo.",Sala Cuna Mayor,,4
"Realiza acciones siguiendo secuencias propias del jardín. Ejemplo: se saca los zapatos antes de dormir, guarda los materiales después de jugar, entre otros.",Pensamiento Matemático,"Orientarse temporalmente en situaciones cotidianas, siguiendo secuencias breves tales como: antes/después.",Sala Cuna Mayor,,5
"Usa palabras o gestos para pedir más . Ejemplo: más agua”, más leche”, entre otros.",Pensamiento Matemático,"Emplear cuantificadores (más/menos, mucho/poco), en situaciones cotidianas.",Sala Cuna Mayor,,6
